datetime,Call_8900,Call_9000,Call_9050,Call_9100,Call_9150,Call_9200,Call_9250,Call_9300,Call_9350,Call_9400,Call_9450
2016-10-14 12:32:06,13.75,13.69,13.19,12.73,12.57,12.37,12.16,11.87,11.39,11.69,11.75
2016-10-14 12:32:06,13.75,13.69,13.19,12.73,12.57,12.37,12.16,11.87,11.39,11.69,11.75
2016-10-14 12:32:06,13.75,13.69,13.19,12.73,12.5,12.37,12.16,11.87,11.39,11.69,11.75
2016-10-14 12:32:24,13.75,13.69,13.19,12.81,12.43,12.37,12.16,11.94,11.39,11.69,11.75
2016-10-14 12:32:27,13.75,13.69,13.19,12.81,12.43,12.37,12.16,11.94,11.39,11.69,11.75
2016-10-14 12:32:33,13.75,13.69,13.19,12.91,12.5,12.37,12.16,11.94,11.39,11.69,11.75
2016-10-14 12:32:39,13.75,13.69,13.19,12.91,12.5,12.37,12.08,11.94,11.43,11.69,11.75
2016-10-14 12:32:45,13.75,13.69,13.19,12.81,12.5,12.37,12.08,12.01,11.48,11.69,11.75
2016-10-14 12:32:49,13.75,13.69,13.19,12.81,12.5,12.43,12.17,12.01,11.48,11.69,11.75
2016-10-14 12:32:55,13.75,13.69,13.19,12.81,12.5,12.43,12.17,12.01,11.48,11.69,11.75
2016-10-14 12:33:02,13.75,13.69,13.19,12.81,12.5,12.43,12.17,12.01,11.53,11.69,11.75
2016-10-14 12:33:07,13.75,13.65,13.05,12.81,12.43,12.32,12.17,11.88,11.53,11.69,11.75
2016-10-14 12:33:16,13.75,13.6,13.05,12.81,12.43,12.32,12.17,11.88,11.53,11.69,11.75
2016-10-14 12:33:24,13.75,13.6,13.05,12.81,12.43,12.32,12.08,11.88,11.53,11.69,11.75
2016-10-14 12:33:26,13.75,13.6,13.05,12.81,12.43,12.39,12.0,11.88,11.48,11.69,11.75
2016-10-14 12:33:35,13.75,13.6,13.05,12.81,12.43,12.32,12.0,11.88,11.48,11.69,11.75
2016-10-14 12:33:39,13.75,13.51,13.05,12.88,12.43,12.32,12.0,11.88,11.48,11.69,11.75
2016-10-14 12:33:46,13.79,13.51,13.05,12.78,12.52,12.39,12.0,11.88,11.69,11.69,11.75
2016-10-14 12:33:49,13.75,13.51,13.05,12.78,12.52,12.39,12.0,11.88,11.64,11.69,11.75
2016-10-14 12:33:56,13.75,13.6,13.05,12.78,12.52,12.39,12.0,12.01,11.64,11.69,11.75
2016-10-14 12:34:03,13.6,13.6,13.05,12.78,12.52,12.39,12.08,12.01,11.64,11.69,11.75
2016-10-14 12:34:06,13.6,13.6,13.05,12.78,12.52,12.39,12.08,12.01,11.64,11.69,11.75
2016-10-14 12:34:14,13.6,13.6,13.05,12.78,12.52,12.39,12.0,12.01,11.64,11.69,11.75
2016-10-14 12:34:19,13.6,13.6,13.05,12.78,12.52,12.32,12.0,12.01,11.64,11.69,11.75
2016-10-14 12:34:25,13.6,13.6,13.05,12.78,12.52,12.32,12.0,12.01,11.64,11.69,11.75
2016-10-14 12:34:35,13.6,13.6,13.05,12.78,12.59,12.32,12.0,11.88,11.64,11.6,11.75
2016-10-14 12:34:41,13.6,13.6,13.05,12.78,12.59,12.32,12.08,11.88,11.64,11.69,11.75
2016-10-14 12:34:45,13.6,13.6,13.05,12.78,12.59,12.32,12.08,11.88,11.64,11.69,11.75
2016-10-14 12:34:45,13.6,13.6,13.05,12.78,12.59,12.32,12.08,11.88,11.64,11.69,11.75
2016-10-14 12:34:55,13.6,13.6,12.9,12.78,12.59,12.32,12.08,11.88,11.64,11.69,11.75
2016-10-14 12:35:02,13.6,13.56,12.9,12.78,12.59,12.26,12.08,11.88,11.64,11.69,11.75
2016-10-14 12:35:06,13.6,13.56,12.9,12.88,12.59,12.26,12.08,12.01,11.64,11.61,11.75
2016-10-14 12:35:15,13.6,13.56,12.9,12.88,12.59,12.26,12.08,11.88,11.64,11.61,11.75
2016-10-14 12:35:18,13.6,13.56,12.9,12.88,12.59,12.32,12.08,11.88,11.64,11.61,11.75
2016-10-14 12:35:26,13.6,13.56,12.9,12.88,12.59,12.32,12.08,11.88,11.64,11.69,11.75
2016-10-14 12:35:26,13.6,13.56,12.9,12.88,12.59,12.32,12.08,11.88,11.64,11.69,11.75
2016-10-14 12:35:35,13.6,13.51,12.9,12.88,12.59,12.32,12.08,11.88,11.64,11.69,11.75
2016-10-14 12:35:42,13.6,13.51,12.9,12.88,12.59,12.32,12.08,11.88,11.64,11.69,11.75
2016-10-14 12:35:47,13.6,13.51,12.9,12.88,12.59,12.32,12.08,11.88,11.64,11.69,11.75
2016-10-14 12:35:51,13.6,13.51,12.9,12.88,12.59,12.43,12.0,11.88,11.64,11.69,11.75
2016-10-14 12:35:58,13.6,13.51,12.9,12.88,12.59,12.43,12.0,11.88,11.64,11.69,11.75
2016-10-14 12:36:03,13.44,13.51,12.9,12.88,12.59,12.43,12.0,11.88,11.64,11.69,11.75
2016-10-14 12:36:10,13.44,13.51,12.9,12.88,12.59,12.32,12.08,11.88,11.64,11.69,11.75
2016-10-14 12:36:21,13.44,13.56,12.9,12.88,12.59,12.43,12.08,11.88,11.64,11.51,11.75
2016-10-14 12:36:25,13.44,13.56,12.9,12.78,12.59,12.43,12.08,11.88,11.64,11.51,11.75
2016-10-14 12:36:32,13.44,13.56,12.9,12.78,12.59,12.32,12.0,11.88,11.64,11.51,11.75
2016-10-14 12:36:32,13.44,13.56,12.9,12.78,12.59,12.32,12.0,11.88,11.64,11.51,11.75
2016-10-14 12:36:38,13.44,13.56,13.08,12.78,12.52,12.32,12.0,11.88,11.64,11.69,11.5
2016-10-14 12:36:47,13.44,13.56,13.08,12.78,12.52,12.43,12.0,11.88,11.64,11.69,11.5
2016-10-14 12:36:51,13.44,13.56,13.08,12.78,12.52,12.43,12.0,11.88,11.64,11.69,11.5
2016-10-14 12:36:55,13.44,13.56,13.08,12.78,12.52,12.32,12.0,11.88,11.64,11.69,11.5
2016-10-14 12:37:05,13.44,13.56,13.08,12.78,12.52,12.32,12.0,11.88,11.64,11.69,11.5
2016-10-14 12:37:10,13.44,13.56,13.08,12.78,12.52,12.32,12.0,11.88,11.64,11.69,11.5
2016-10-14 12:37:15,13.44,13.56,13.08,12.78,12.52,12.32,12.0,11.88,11.64,11.61,11.5
2016-10-14 12:37:20,13.44,13.56,13.23,12.78,12.52,12.32,12.0,11.88,11.64,11.61,11.5
2016-10-14 12:37:25,13.44,13.56,13.23,12.78,12.59,12.32,12.0,11.88,11.64,11.61,11.97
2016-10-14 12:37:35,13.44,13.71,13.23,12.85,12.52,12.32,12.0,11.88,11.64,11.61,11.97
2016-10-14 12:37:42,13.44,13.66,13.23,12.85,12.52,12.32,12.0,11.88,11.64,11.61,11.97
2016-10-14 12:37:47,13.44,13.66,13.23,12.78,12.52,12.32,12.0,11.88,11.64,11.61,11.97
2016-10-14 12:37:50,13.44,13.66,13.23,12.78,12.52,12.32,12.0,11.88,11.64,11.61,11.97
2016-10-14 12:37:56,13.44,13.66,13.23,12.78,12.52,12.32,12.0,11.88,11.64,11.61,11.97
2016-10-14 12:38:04,13.44,13.67,13.23,12.78,12.52,12.39,12.08,11.88,11.69,11.61,11.97
2016-10-14 12:38:09,13.44,13.67,13.23,12.78,12.52,12.39,12.08,12.01,11.69,11.69,11.97
2016-10-14 12:38:15,13.44,13.72,13.23,12.78,12.52,12.28,12.08,12.01,11.58,11.69,11.97
2016-10-14 12:38:18,13.44,13.72,13.23,12.78,12.52,12.28,12.08,12.01,11.58,11.69,11.97
2016-10-14 12:38:18,13.44,13.72,13.23,12.78,12.52,12.28,12.08,12.01,11.58,11.69,11.97
2016-10-14 12:38:24,13.44,13.72,13.23,12.96,12.52,12.28,12.08,11.95,11.58,11.69,11.97
2016-10-14 12:38:30,13.44,13.72,13.23,12.96,12.52,12.39,12.08,11.95,11.53,11.69,11.97
2016-10-14 12:38:36,13.44,13.72,13.08,12.75,12.52,12.28,12.0,11.95,11.53,11.69,11.97
2016-10-14 12:38:46,13.44,13.72,13.08,12.85,12.45,12.45,12.0,11.95,11.53,11.69,11.97
2016-10-14 12:38:51,13.44,13.67,13.08,12.85,12.45,12.45,12.0,11.95,11.53,11.69,11.97
2016-10-14 12:38:57,13.44,13.67,13.08,12.85,12.45,12.45,12.0,11.95,11.53,11.69,11.97
2016-10-14 12:39:03,13.44,13.67,13.08,12.85,12.45,12.45,12.0,11.95,11.53,11.69,11.97
2016-10-14 12:39:07,13.44,13.72,13.08,12.85,12.45,12.34,12.0,11.95,11.53,11.69,11.97
2016-10-14 12:39:07,13.44,13.72,13.08,12.85,12.45,12.45,12.0,11.95,11.53,11.69,11.97
2016-10-14 12:39:19,13.44,13.72,13.08,12.75,12.45,12.39,12.0,11.95,11.53,11.69,11.97
2016-10-14 12:39:25,13.44,13.72,13.08,12.75,12.45,12.34,12.0,11.95,11.53,11.69,11.97
2016-10-14 12:39:27,13.44,13.72,13.08,12.75,12.54,12.34,12.0,11.95,11.53,11.61,11.97
2016-10-14 12:39:36,13.44,13.72,13.08,12.75,12.47,12.34,12.0,11.81,11.53,11.61,11.97
2016-10-14 12:39:45,13.44,13.72,13.08,12.75,12.47,12.34,12.0,11.95,11.48,11.61,11.97
2016-10-14 12:39:50,13.44,13.72,13.08,12.75,12.47,12.34,12.0,11.95,11.48,11.61,11.97
2016-10-14 12:39:55,13.44,13.58,13.08,12.75,12.47,12.34,12.0,11.95,11.48,11.61,11.97
2016-10-14 12:40:06,13.44,13.53,13.08,12.72,12.39,12.4,11.92,11.95,11.53,11.56,11.97
2016-10-14 12:40:13,13.44,13.53,13.08,12.82,12.47,12.34,11.92,11.81,11.53,11.56,11.97
2016-10-14 12:40:18,13.44,13.48,13.26,12.82,12.39,12.23,11.92,11.68,11.48,11.56,11.97
2016-10-14 12:40:20,13.44,13.48,13.26,12.82,12.39,12.23,11.92,11.68,11.53,11.56,11.97
2016-10-14 12:40:28,13.44,13.48,13.26,12.82,12.39,12.23,11.92,11.82,11.53,11.56,11.97
2016-10-14 12:40:35,13.44,13.48,13.26,12.82,12.47,12.23,11.92,11.82,11.53,11.56,11.97
2016-10-14 12:40:39,13.44,13.48,13.26,12.75,12.47,12.34,12.0,11.68,11.53,11.56,11.97
2016-10-14 12:40:44,13.44,13.48,13.26,12.75,12.47,12.34,12.0,11.82,11.53,11.56,11.97
2016-10-14 12:40:50,13.44,13.48,13.26,12.75,12.47,12.34,12.0,11.82,11.53,11.56,11.97
2016-10-14 12:40:56,13.44,13.48,13.26,12.75,12.47,12.34,12.0,11.95,11.53,11.56,11.97
2016-10-14 12:41:07,13.44,13.58,13.11,12.65,12.47,12.34,11.93,11.95,11.53,11.56,11.97
2016-10-14 12:41:12,13.44,13.68,13.11,12.82,12.47,12.4,11.93,11.95,11.53,11.56,11.97
2016-10-14 12:41:15,13.44,13.59,13.11,12.82,12.47,12.29,11.93,11.95,11.53,11.56,11.97
2016-10-14 12:41:22,13.44,13.59,13.11,12.72,12.39,12.29,11.93,11.82,11.53,11.56,11.97
2016-10-14 12:41:27,13.44,13.59,13.11,12.79,12.41,12.42,11.93,11.75,11.53,11.56,11.97
2016-10-14 12:41:33,13.1,13.54,13.23,12.83,12.35,12.26,12.01,11.82,11.58,11.56,11.97
2016-10-14 12:41:39,13.44,13.54,13.07,12.83,12.35,12.32,11.93,11.69,11.62,11.65,11.97
2016-10-14 12:41:44,13.44,13.6,13.07,12.72,12.44,12.21,11.93,11.62,11.67,11.73,11.97
2016-10-14 12:41:49,13.44,13.6,13.07,12.72,12.46,12.32,11.93,11.75,11.67,11.73,11.97
2016-10-14 12:41:55,13.44,13.55,13.07,12.72,12.46,12.32,11.93,11.88,11.67,11.73,11.97
2016-10-14 12:42:00,13.44,13.7,13.07,12.72,12.38,12.32,11.93,11.75,11.67,11.73,11.97
2016-10-14 12:42:11,13.44,13.65,13.14,12.83,12.47,12.32,11.93,11.75,11.33,11.73,11.97
2016-10-14 12:42:16,13.44,13.75,13.14,12.83,12.47,12.21,11.85,11.75,11.33,11.5,11.97
2016-10-14 12:42:20,13.44,13.65,13.31,12.94,12.38,12.32,11.76,11.75,11.33,11.5,11.97
2016-10-14 12:42:26,13.44,13.6,13.14,12.94,12.38,12.32,11.85,11.75,11.37,11.5,11.97
2016-10-14 12:42:32,13.44,13.6,13.14,12.87,12.38,12.32,11.85,11.81,11.33,11.5,11.97
2016-10-14 12:42:37,13.44,13.6,13.14,12.76,12.38,12.32,11.93,11.75,11.33,11.5,11.97
2016-10-14 12:42:43,13.44,13.6,13.14,12.76,12.38,12.32,11.93,11.75,11.38,11.42,11.97
2016-10-14 12:42:47,13.44,13.6,13.14,12.76,12.38,12.21,11.93,11.75,11.38,11.5,11.97
2016-10-14 12:42:52,13.44,13.6,13.14,12.76,12.38,12.09,11.93,11.75,11.38,11.5,11.97
2016-10-14 12:43:03,13.44,13.65,13.14,12.76,12.38,12.21,11.93,11.75,11.43,11.5,11.97
2016-10-14 12:43:09,13.44,13.6,13.14,12.65,12.38,12.21,11.93,11.87,11.43,11.5,11.97
2016-10-14 12:43:15,13.44,13.6,13.2,12.76,12.3,12.21,11.93,11.75,11.43,11.5,11.97
2016-10-14 12:43:19,12.92,13.65,13.2,12.76,12.38,12.32,12.02,11.87,11.47,11.5,11.97
2016-10-14 12:43:25,12.92,13.6,13.2,12.76,12.3,12.21,12.02,11.75,11.47,11.5,11.97
2016-10-14 12:43:30,12.92,13.6,13.2,12.65,12.3,12.21,12.02,11.87,11.43,11.5,11.97
2016-10-14 12:43:36,13.25,13.6,13.14,12.69,12.46,12.32,12.02,11.87,11.38,11.5,11.97
2016-10-14 12:43:40,13.05,13.6,13.03,12.69,12.46,12.21,11.85,11.75,11.38,11.5,11.97
2016-10-14 12:43:46,13.05,13.65,13.03,12.62,12.46,12.21,11.85,11.75,11.38,11.5,11.97
2016-10-14 12:43:49,13.05,13.6,13.03,12.62,12.46,12.21,11.93,11.81,11.38,11.5,11.97
2016-10-14 12:43:56,13.05,13.6,13.03,12.62,12.46,12.21,11.85,11.81,11.34,11.5,11.97
2016-10-14 12:44:03,13.05,13.6,13.03,12.62,12.37,12.21,11.93,11.81,11.34,11.42,11.97
2016-10-14 12:44:14,13.05,13.65,13.03,12.69,12.38,12.32,11.93,11.81,11.34,11.42,11.97
2016-10-14 12:44:19,13.05,13.65,13.03,12.69,12.44,12.21,11.93,11.81,11.34,11.42,11.97
2016-10-14 12:44:24,13.25,13.65,13.03,12.8,12.44,12.21,11.93,11.69,11.34,11.42,11.97
2016-10-14 12:44:30,13.25,13.65,13.03,12.72,12.37,12.21,11.85,11.81,11.34,11.42,11.97
2016-10-14 12:44:36,13.25,13.65,13.19,12.72,12.44,12.21,11.85,11.81,11.3,11.42,11.97
2016-10-14 12:44:40,13.25,13.65,13.19,12.62,12.37,12.21,11.93,11.81,11.34,11.42,11.97
2016-10-14 12:44:47,13.25,13.65,13.19,12.62,12.44,12.15,11.93,11.88,11.3,11.42,11.97
2016-10-14 12:44:52,13.25,13.65,13.19,12.62,12.37,12.21,11.93,11.75,11.3,11.42,11.97
2016-10-14 12:44:58,13.25,13.6,13.19,12.62,12.44,12.2,11.93,11.75,11.3,11.42,11.97
2016-10-14 12:45:04,13.25,13.6,13.19,12.72,12.44,12.26,11.93,11.69,11.34,11.42,11.97
2016-10-14 12:45:08,13.25,13.6,13.19,12.72,12.44,12.15,11.85,11.81,11.5,11.42,11.97
2016-10-14 12:45:15,13.25,13.6,13.19,12.72,12.37,12.21,11.85,11.81,11.5,11.42,11.97
2016-10-14 12:45:21,13.25,13.6,13.03,12.72,12.37,12.32,11.85,11.81,11.5,11.42,11.97
2016-10-14 12:45:26,13.25,13.65,13.03,12.8,12.46,12.21,11.85,11.81,11.5,11.46,11.97
2016-10-14 12:45:31,13.25,13.65,12.97,12.69,12.46,12.21,11.85,11.81,11.5,11.46,11.97
2016-10-14 12:45:36,13.25,13.65,12.97,12.69,12.46,12.21,11.85,11.81,11.5,11.46,11.97
2016-10-14 12:45:36,13.25,13.65,12.97,12.69,12.46,12.21,11.85,11.81,11.5,11.46,11.97
2016-10-14 12:45:36,13.25,13.65,12.97,12.69,12.46,12.21,11.85,11.81,11.5,11.46,11.97
2016-10-14 12:45:36,13.25,13.65,12.97,12.69,12.46,12.21,11.85,11.81,11.5,11.46,11.97
2016-10-14 12:45:36,13.25,13.65,12.97,12.69,12.46,12.21,11.85,11.81,11.5,11.46,11.97
2016-10-14 12:45:36,13.25,13.65,12.97,12.69,12.46,12.21,11.85,11.81,11.5,11.46,11.97
2016-10-14 12:46:11,13.25,13.5,12.97,12.69,12.29,12.32,11.93,11.81,11.5,11.46,11.97
2016-10-14 12:46:16,13.25,13.5,12.97,12.69,12.37,12.21,11.93,11.81,11.5,11.46,11.97
2016-10-14 12:46:20,13.44,13.6,12.97,12.8,12.37,12.21,11.93,11.81,11.5,11.46,11.97
2016-10-14 12:46:27,13.62,13.55,12.97,12.69,12.37,12.32,11.93,11.81,11.5,11.46,11.97
2016-10-14 12:46:31,13.25,13.55,12.97,12.69,12.37,12.32,11.93,11.81,11.5,11.46,11.97
2016-10-14 12:46:41,13.25,13.55,12.97,12.69,12.37,12.32,11.93,11.81,11.54,11.46,11.97
2016-10-14 12:46:48,13.25,13.55,12.97,12.69,12.37,12.32,12.02,11.81,11.54,11.46,11.97
2016-10-14 12:46:53,13.25,13.55,12.97,12.69,12.37,12.32,12.02,11.88,11.54,11.46,11.97
2016-10-14 12:46:57,13.25,13.55,12.97,12.69,12.37,12.32,12.02,11.88,11.54,11.46,11.97
2016-10-14 12:47:02,13.25,13.65,12.97,12.8,12.37,12.32,12.02,11.82,11.54,11.46,11.97
2016-10-14 12:47:09,13.25,13.65,12.97,12.72,12.44,12.32,12.02,11.95,11.54,11.46,11.97
2016-10-14 12:47:13,13.25,13.65,12.97,12.72,12.44,12.32,11.93,11.95,11.54,11.46,11.97
2016-10-14 12:47:21,13.25,13.65,12.97,12.72,12.44,12.32,12.02,11.95,11.59,11.46,11.97
2016-10-14 12:47:32,13.25,13.6,12.97,12.72,12.44,12.26,12.02,11.95,11.59,11.46,11.97
2016-10-14 12:47:36,13.25,13.6,12.97,12.62,12.44,12.26,12.02,11.95,11.59,11.46,11.97
2016-10-14 12:47:39,13.25,13.6,12.97,12.62,12.44,12.32,12.02,11.95,11.53,11.46,11.97
2016-10-14 12:47:47,13.25,13.6,12.97,12.62,12.44,12.26,11.93,11.95,11.53,11.46,11.97
2016-10-14 12:47:53,13.25,13.6,12.97,12.72,12.44,12.26,12.02,11.95,11.53,11.46,11.97
2016-10-14 12:47:58,13.25,13.6,13.13,12.65,12.44,12.26,12.02,11.95,11.53,11.46,11.97
2016-10-14 12:48:05,13.25,13.6,13.13,12.8,12.44,12.15,11.93,11.82,11.53,11.46,11.97
2016-10-14 12:48:11,13.25,13.6,13.13,12.8,12.44,12.21,11.93,11.82,11.53,11.46,11.97
2016-10-14 12:48:16,13.25,13.6,12.97,12.8,12.44,12.21,11.85,11.95,11.49,11.55,11.97
2016-10-14 12:48:23,13.25,13.6,12.97,12.8,12.44,12.21,12.02,11.95,11.49,11.55,11.97
2016-10-14 12:48:26,13.25,13.6,12.97,12.8,12.44,12.21,12.02,11.95,11.49,11.55,11.97
2016-10-14 12:48:34,13.25,13.6,12.97,12.8,12.44,12.21,11.93,11.95,11.49,11.55,11.97
2016-10-14 12:48:37,13.25,13.6,12.97,12.8,12.44,12.21,11.93,11.95,11.49,11.55,11.97
2016-10-14 12:48:49,13.25,13.6,12.97,12.8,12.44,12.15,12.02,11.95,11.49,11.55,11.97
2016-10-14 12:48:54,13.25,13.6,12.97,12.8,12.44,12.21,12.02,11.95,11.4,11.55,11.97
2016-10-14 12:49:00,13.25,13.6,12.97,12.72,12.44,12.26,12.02,11.82,11.4,11.55,11.97
2016-10-14 12:49:07,13.25,13.6,13.13,12.62,12.44,12.26,12.02,11.95,11.4,11.55,11.97
2016-10-14 12:49:12,13.25,13.6,13.13,12.62,12.44,12.26,11.93,11.95,11.45,11.55,11.97
2016-10-14 12:49:18,13.25,13.6,13.13,12.54,12.44,12.26,11.93,11.88,11.45,11.55,11.97
2016-10-14 12:49:21,13.25,13.6,13.13,12.54,12.44,12.26,11.93,11.88,11.45,11.63,11.97
2016-10-14 12:49:29,13.25,13.65,13.13,12.62,12.44,12.32,11.93,11.88,11.45,11.63,11.97
2016-10-14 12:49:33,13.44,13.65,13.13,12.62,12.44,12.32,11.93,11.88,11.45,11.55,11.97
2016-10-14 12:49:38,13.44,13.65,13.13,12.62,12.44,12.32,11.93,11.88,11.45,11.55,11.97
2016-10-14 12:49:44,13.44,13.65,13.13,12.62,12.44,12.32,11.93,11.75,11.45,11.55,11.97
2016-10-14 12:49:49,13.44,13.65,13.13,12.72,12.44,12.32,11.93,11.88,11.54,11.63,11.97
2016-10-14 12:49:56,13.44,13.65,13.13,12.72,12.44,12.32,11.93,11.88,11.54,11.63,11.97
2016-10-14 12:50:01,13.44,13.65,12.97,12.72,12.44,12.32,11.93,11.75,11.54,11.63,11.97
2016-10-14 12:50:07,13.44,13.65,12.97,12.72,12.44,12.32,12.02,11.88,11.54,11.63,11.97
2016-10-14 12:50:16,13.44,13.65,13.13,12.72,12.44,12.32,12.1,11.88,11.54,11.63,11.97
2016-10-14 12:50:22,13.44,13.65,13.13,12.72,12.52,12.26,12.02,11.75,11.54,11.63,11.97
2016-10-14 12:50:29,13.44,13.65,13.13,12.72,12.43,12.26,12.1,11.88,11.54,11.55,11.97
2016-10-14 12:50:32,13.44,13.65,13.13,12.72,12.52,12.26,12.1,11.75,11.54,11.55,11.97
2016-10-14 12:50:39,13.44,13.65,13.13,12.72,12.44,12.26,12.02,11.88,11.54,11.55,11.97
2016-10-14 12:50:45,13.44,13.65,13.13,12.72,12.44,12.26,12.02,11.88,11.54,11.63,11.97
2016-10-14 12:50:47,13.44,13.65,13.13,12.72,12.44,12.26,12.02,11.88,11.54,11.63,11.97
2016-10-14 12:50:56,13.44,13.65,13.13,12.72,12.52,12.26,12.1,11.88,11.54,11.63,11.97
2016-10-14 12:51:00,13.44,13.7,13.13,12.83,12.52,12.26,12.1,11.88,11.54,11.63,11.97
2016-10-14 12:51:06,13.25,13.65,13.13,12.83,12.43,12.26,12.02,11.88,11.54,11.63,11.97
2016-10-14 12:51:06,13.25,13.65,13.13,12.83,12.43,12.26,12.02,11.88,11.54,11.63,11.97
2016-10-14 12:51:17,13.25,13.65,13.13,12.83,12.35,12.26,12.02,11.88,11.54,11.63,11.97
2016-10-14 12:51:24,13.25,13.6,13.13,12.72,12.43,12.26,12.02,11.75,11.54,11.64,11.97
2016-10-14 12:51:30,13.25,13.6,13.13,12.83,12.43,12.26,11.93,11.75,11.54,11.72,11.97
2016-10-14 12:51:36,13.25,13.6,13.13,12.72,12.43,12.26,11.93,11.88,11.54,11.72,11.97
2016-10-14 12:51:41,13.25,13.6,13.13,12.65,12.35,12.26,11.93,11.88,11.54,11.72,11.97
2016-10-14 12:51:47,13.05,13.6,13.13,12.65,12.35,12.26,11.93,11.88,11.54,11.72,11.97
2016-10-14 12:51:50,13.05,13.6,13.13,12.65,12.35,12.26,12.02,11.88,11.54,11.72,11.97
2016-10-14 12:51:58,13.05,13.6,13.13,12.65,12.35,12.26,12.02,11.88,11.54,11.72,11.97
2016-10-14 12:52:04,13.05,13.6,13.13,12.65,12.35,12.26,12.02,11.88,11.54,11.55,11.97
2016-10-14 12:52:13,13.05,13.6,13.13,12.65,12.35,12.26,12.02,11.88,11.54,11.72,11.97
2016-10-14 12:52:21,13.05,13.6,13.13,12.65,12.35,12.2,12.02,11.88,11.54,11.72,11.97
2016-10-14 12:52:26,13.05,13.6,13.13,12.65,12.35,12.2,12.02,11.88,11.54,11.72,11.75
2016-10-14 12:52:31,13.05,13.6,13.13,12.76,12.35,12.2,12.1,11.88,11.54,11.72,11.75
2016-10-14 12:52:36,13.05,13.65,13.13,12.65,12.44,12.2,12.1,11.88,11.54,11.72,11.75
2016-10-14 12:52:42,13.05,13.65,13.13,12.76,12.44,12.2,12.1,11.75,11.54,11.64,11.97
2016-10-14 12:52:46,13.05,13.65,13.13,12.76,12.44,12.37,12.1,11.88,11.54,11.64,11.97
2016-10-14 12:52:55,13.05,13.65,13.13,12.76,12.44,12.31,12.1,11.88,11.54,11.64,11.97
2016-10-14 12:52:59,13.05,13.65,13.13,12.65,12.44,12.31,12.1,11.88,11.54,11.55,11.97
2016-10-14 12:53:06,13.05,13.65,13.13,12.65,12.43,12.31,12.1,12.01,11.54,11.55,11.97
2016-10-14 12:53:12,13.05,13.55,13.13,12.65,12.43,12.31,12.1,12.01,11.59,11.55,11.97
2016-10-14 12:53:17,13.05,13.55,13.13,12.65,12.43,12.2,12.1,12.01,11.59,11.55,11.97
2016-10-14 12:53:20,13.05,13.55,13.13,12.65,12.34,12.2,12.1,12.01,11.59,11.64,11.97
2016-10-14 12:53:26,12.84,13.55,13.13,12.76,12.34,12.2,12.1,12.01,11.59,11.64,11.97
2016-10-14 12:53:33,12.84,13.6,13.13,12.76,12.34,12.2,12.02,11.88,11.59,11.64,11.75
2016-10-14 12:53:39,12.98,13.6,13.29,12.76,12.34,12.2,12.02,12.01,11.59,11.55,11.75
2016-10-14 12:53:44,12.98,13.6,13.29,12.76,12.34,12.2,12.1,11.88,11.54,11.55,11.97
2016-10-14 12:53:50,12.98,13.6,13.29,12.76,12.34,12.2,12.1,11.88,11.54,11.47,11.97
2016-10-14 12:53:56,12.98,13.6,13.29,12.76,12.34,12.2,12.1,12.01,11.54,11.47,11.97
2016-10-14 12:54:02,12.98,13.6,13.29,12.76,12.34,12.37,12.1,11.75,11.54,11.47,11.97
2016-10-14 12:54:06,12.98,13.6,13.29,12.76,12.34,12.37,12.1,12.01,11.54,11.47,11.97
2016-10-14 12:54:09,12.98,13.6,13.29,12.76,12.34,12.37,12.1,12.01,11.54,11.47,11.97
2016-10-14 12:54:18,12.98,13.6,13.29,12.76,12.34,12.31,12.1,11.88,11.54,11.64,11.97
2016-10-14 12:54:22,12.98,13.6,13.29,12.76,12.43,12.31,12.1,11.88,11.54,11.64,11.97
2016-10-14 12:54:26,12.98,13.6,13.29,12.76,12.43,12.31,12.1,11.88,11.54,11.47,11.97
2016-10-14 12:54:34,12.98,13.6,13.29,12.76,12.43,12.31,12.1,11.88,11.45,11.47,11.97
2016-10-14 12:54:42,12.98,13.39,13.29,12.76,12.43,12.31,12.1,11.88,11.5,11.47,11.97
2016-10-14 12:54:49,12.98,13.39,13.29,12.76,12.43,12.31,12.1,11.75,11.5,11.47,11.97
2016-10-14 12:54:52,12.98,13.39,13.29,12.76,12.43,12.31,12.1,11.82,11.45,11.47,11.97
2016-10-14 12:55:00,12.98,13.39,13.29,12.76,12.5,12.25,12.1,11.95,11.45,11.47,11.97
2016-10-14 12:55:06,12.98,13.39,13.29,12.87,12.5,12.31,12.1,11.95,11.45,11.47,11.97
2016-10-14 12:55:10,12.98,13.39,13.29,12.76,12.5,12.2,12.02,11.95,11.45,11.47,11.97
2016-10-14 12:55:16,12.98,13.39,13.13,12.76,12.5,12.2,12.02,11.95,11.45,11.47,11.97
2016-10-14 12:55:20,12.76,13.49,13.13,12.76,12.5,12.2,12.02,11.95,11.45,11.47,11.97
2016-10-14 12:55:27,12.76,13.49,13.13,12.76,12.5,12.25,12.02,11.82,11.45,11.47,11.97
2016-10-14 12:55:31,12.76,13.49,13.13,12.87,12.5,12.25,12.02,11.82,11.45,11.47,11.97
2016-10-14 12:55:43,12.76,13.49,13.29,12.87,12.5,12.2,12.02,11.82,11.56,11.47,11.97
2016-10-14 12:55:48,12.76,13.49,13.29,12.87,12.5,12.14,12.02,12.08,11.56,11.47,11.97
2016-10-14 12:55:53,12.76,13.49,13.29,12.87,12.5,12.14,12.02,12.08,11.56,11.47,11.97
2016-10-14 12:55:57,12.76,13.49,13.29,12.87,12.5,12.2,12.02,12.08,11.56,11.47,11.97
2016-10-14 12:56:04,12.76,13.49,13.29,12.87,12.5,12.14,12.02,11.95,11.56,11.47,11.97
2016-10-14 12:56:09,12.76,13.49,13.29,12.87,12.5,12.25,12.02,11.82,11.56,11.47,11.97
2016-10-14 12:56:15,12.98,13.49,13.29,12.79,12.41,12.19,12.01,11.82,11.56,11.47,11.97
2016-10-14 12:56:20,12.98,13.54,13.29,12.79,12.41,12.19,12.1,11.82,11.56,11.47,11.97
2016-10-14 12:56:25,12.98,13.54,13.29,12.79,12.41,12.19,12.18,11.82,11.61,11.47,11.97
2016-10-14 12:56:36,12.98,13.54,13.29,12.79,12.41,12.19,12.18,11.82,11.61,11.47,11.97
2016-10-14 12:56:38,13.18,13.54,13.29,12.79,12.41,12.19,12.18,11.69,11.61,11.47,11.97
2016-10-14 12:56:47,12.98,13.54,13.29,12.69,12.41,12.35,12.1,11.95,11.61,11.47,11.97
2016-10-14 12:56:51,12.98,13.54,13.29,12.79,12.41,12.35,12.1,11.82,11.65,11.47,11.97
2016-10-14 12:56:58,12.98,13.54,13.11,12.79,12.32,12.35,12.01,11.95,11.56,11.47,11.97
2016-10-14 12:57:03,12.98,13.54,13.11,12.79,12.39,12.29,12.01,11.95,11.56,11.47,11.97
2016-10-14 12:57:07,12.98,13.54,13.11,12.72,12.39,12.35,12.01,11.95,11.56,11.47,11.97
2016-10-14 12:57:13,12.98,13.44,13.11,12.72,12.39,12.29,12.01,11.95,11.56,11.47,11.97
2016-10-14 12:57:17,12.98,13.44,13.11,12.82,12.39,12.29,12.01,11.95,11.56,11.47,11.97
2016-10-14 12:57:28,12.98,13.49,13.11,12.82,12.39,12.4,12.01,11.95,11.56,11.47,11.97
2016-10-14 12:57:34,12.98,13.49,13.11,12.82,12.39,12.4,12.01,11.95,11.65,11.47,11.97
2016-10-14 12:57:41,12.98,13.49,13.11,12.82,12.39,12.35,12.1,11.95,11.65,11.47,11.97
2016-10-14 12:57:45,12.98,13.49,13.11,12.82,12.49,12.35,12.1,11.95,11.65,11.47,11.97
2016-10-14 12:57:52,12.98,13.49,13.11,12.82,12.49,12.35,12.1,11.95,11.65,11.47,11.97
2016-10-14 12:57:57,12.98,13.49,13.11,12.72,12.49,12.35,12.1,11.95,11.65,11.47,11.97
2016-10-14 12:58:00,13.18,13.49,13.11,12.72,12.49,12.35,12.1,11.95,11.65,11.47,11.97
2016-10-14 12:58:07,13.18,13.49,13.11,12.72,12.49,12.35,12.1,11.95,11.56,11.47,11.97
2016-10-14 12:58:11,13.1,13.49,13.11,12.72,12.49,12.35,12.1,11.95,11.56,11.47,11.97
2016-10-14 12:58:17,13.1,13.49,13.11,12.72,12.49,12.35,12.1,11.95,11.56,11.47,11.97
2016-10-14 12:58:21,13.1,13.49,13.11,12.82,12.56,12.35,12.1,11.95,11.56,11.47,11.97
2016-10-14 12:58:34,12.9,13.49,13.11,12.82,12.56,12.4,12.1,11.95,11.56,11.47,11.75
2016-10-14 12:58:37,12.9,13.49,13.11,12.82,12.56,12.4,12.1,11.95,11.56,11.47,11.75
2016-10-14 12:58:45,12.9,13.49,13.11,12.82,12.56,12.29,12.1,11.95,11.56,11.47,11.75
2016-10-14 12:58:50,13.1,13.49,13.26,12.72,12.56,12.29,12.1,11.95,11.56,11.55,11.75
2016-10-14 12:58:55,13.07,13.49,13.26,12.72,12.56,12.29,12.1,11.82,11.56,11.55,11.75
2016-10-14 12:59:00,13.07,13.49,13.26,12.72,12.47,12.23,12.01,11.82,11.52,11.47,11.75
2016-10-14 12:59:05,13.07,13.54,13.26,12.72,12.56,12.4,12.09,11.82,11.52,11.47,11.75
2016-10-14 12:59:10,13.07,13.54,13.26,12.72,12.47,12.4,12.09,11.82,11.52,11.47,11.75
2016-10-14 12:59:17,13.07,13.54,13.26,12.72,12.47,12.4,12.09,11.95,11.52,11.47,11.75
2016-10-14 12:59:27,13.07,13.49,13.26,12.72,12.47,12.4,12.09,11.95,11.52,11.47,11.75
2016-10-14 12:59:31,13.07,13.49,13.26,12.72,12.47,12.4,12.09,11.95,11.52,11.47,11.75
2016-10-14 12:59:38,13.07,13.59,13.26,12.72,12.54,12.34,12.09,12.08,11.52,11.47,11.75
2016-10-14 12:59:43,12.99,13.59,13.26,12.65,12.54,12.34,12.09,12.08,11.47,11.47,11.75
2016-10-14 12:59:47,12.99,13.59,13.14,12.78,12.61,12.32,12.17,12.01,11.47,11.47,11.75
2016-10-14 12:59:51,12.99,13.68,13.14,12.78,12.61,12.39,12.08,12.01,11.47,11.47,11.75
2016-10-14 12:59:59,12.99,13.68,13.14,12.78,12.61,12.39,12.08,12.01,11.47,11.39,11.75
2016-10-14 13:00:11,12.95,13.59,13.29,12.78,12.52,12.39,12.08,11.88,11.33,11.47,11.97
2016-10-14 13:00:16,12.95,13.73,13.29,12.78,12.52,12.39,12.0,11.88,11.38,11.47,11.97
2016-10-14 13:00:21,12.95,13.73,13.29,12.88,12.52,12.32,12.0,12.01,11.59,11.39,11.97
2016-10-14 13:00:27,12.95,13.73,13.29,12.78,12.52,12.32,11.91,12.01,11.63,11.39,11.97
2016-10-14 13:00:31,12.95,13.68,13.29,12.78,12.52,12.22,11.91,11.88,11.63,11.39,11.97
2016-10-14 13:00:38,12.95,13.68,13.14,12.78,12.52,12.39,11.91,12.01,11.63,11.39,11.97
2016-10-14 13:00:49,12.95,13.68,13.29,12.78,12.52,12.32,12.0,11.88,11.63,11.39,11.97
2016-10-14 13:00:53,13.14,13.68,13.29,12.78,12.52,12.32,12.0,11.88,11.63,11.39,11.97
2016-10-14 13:01:00,13.14,13.68,13.29,12.85,12.45,12.39,12.0,12.01,11.59,11.39,11.97
2016-10-14 13:01:05,13.14,13.68,13.29,12.85,12.45,12.28,12.0,12.01,11.59,11.39,11.97
2016-10-14 13:01:11,13.14,13.68,13.14,12.85,12.45,12.28,12.0,12.01,11.59,11.39,11.97
2016-10-14 13:01:15,13.14,13.73,13.14,12.85,12.45,12.34,12.0,11.95,11.63,11.39,11.97
2016-10-14 13:01:20,13.14,13.68,13.14,12.85,12.54,12.34,12.0,11.81,11.63,11.39,11.97
2016-10-14 13:01:27,13.14,13.68,13.14,12.85,12.61,12.34,12.0,11.95,11.63,11.39,11.97
2016-10-14 13:01:32,13.14,13.68,13.14,12.85,12.61,12.34,12.0,11.95,11.68,11.39,11.97
2016-10-14 13:01:39,13.14,13.68,13.14,12.85,12.54,12.34,12.0,11.95,11.68,11.39,11.97
2016-10-14 13:01:44,13.14,13.68,13.14,12.75,12.54,12.34,12.0,11.95,11.68,11.39,11.97
2016-10-14 13:01:49,13.14,13.68,13.14,12.93,12.54,12.34,12.09,11.95,11.73,11.39,11.97
2016-10-14 13:01:49,13.14,13.68,13.14,12.93,12.54,12.34,12.09,11.95,11.73,11.39,11.97
2016-10-14 13:02:07,12.95,13.49,13.14,12.82,12.54,12.4,12.01,11.95,11.67,11.47,11.97
2016-10-14 13:02:10,12.95,13.49,13.14,12.82,12.47,12.4,12.01,11.88,11.63,11.47,11.97
2016-10-14 13:02:18,12.95,13.49,12.99,12.82,12.47,12.4,11.92,11.88,11.63,11.47,11.97
2016-10-14 13:02:22,12.95,13.49,12.99,12.82,12.54,12.4,12.1,11.88,11.63,11.47,11.97
2016-10-14 13:02:27,12.95,13.49,12.99,12.9,12.47,12.4,12.01,12.01,11.63,11.47,11.75
2016-10-14 13:02:33,12.95,13.49,12.99,12.9,12.47,12.34,12.01,11.88,11.63,11.47,11.75
2016-10-14 13:02:37,12.95,13.49,12.99,12.9,12.47,12.34,12.01,12.01,11.63,11.47,11.75
2016-10-14 13:02:45,12.95,13.49,12.99,12.9,12.47,12.34,11.92,12.01,11.63,11.39,11.75
2016-10-14 13:02:50,12.95,13.49,12.99,12.9,12.47,12.34,11.92,12.01,11.63,11.47,11.75
2016-10-14 13:02:50,12.95,13.49,12.99,12.9,12.47,12.34,11.92,12.01,11.63,11.47,11.75
2016-10-14 13:03:00,12.95,13.49,12.99,12.9,12.47,12.34,12.01,12.01,11.63,11.47,11.75
2016-10-14 13:03:12,12.95,13.49,12.99,12.9,12.47,12.34,12.01,12.01,11.63,11.47,11.75
2016-10-14 13:03:18,12.95,13.49,13.14,12.9,12.47,12.34,11.92,12.01,11.63,11.47,11.75
2016-10-14 13:03:23,12.95,13.49,12.99,12.9,12.47,12.4,12.01,12.01,11.63,11.47,11.75
2016-10-14 13:03:23,12.95,13.49,12.99,12.9,12.47,12.4,12.01,12.01,11.63,11.47,11.75
2016-10-14 13:03:34,12.95,13.49,13.14,12.82,12.49,12.29,12.01,12.01,11.63,11.47,11.75
2016-10-14 13:03:38,12.95,13.49,13.14,12.82,12.49,12.29,12.01,12.01,11.63,11.47,11.75
2016-10-14 13:03:46,12.95,13.49,13.14,12.82,12.49,12.29,12.01,11.88,11.58,11.47,11.75
2016-10-14 13:03:49,12.95,13.49,13.14,12.82,12.49,12.35,11.93,11.88,11.67,11.47,11.75
2016-10-14 13:03:57,12.95,13.49,13.14,12.82,12.49,12.29,11.93,11.88,11.58,11.47,11.75
2016-10-14 13:04:01,12.95,13.49,13.14,12.82,12.56,12.29,12.01,11.88,11.58,11.47,11.75
2016-10-14 13:04:07,12.95,13.49,13.14,12.82,12.47,12.29,12.09,11.88,11.62,11.47,11.75
2016-10-14 13:04:13,12.95,13.49,13.14,12.82,12.54,12.4,12.01,11.75,11.62,11.47,11.75
2016-10-14 13:04:24,12.95,13.49,13.14,12.82,12.54,12.4,12.01,11.88,11.62,11.47,11.75
2016-10-14 13:04:29,12.95,13.49,13.14,12.82,12.54,12.4,12.01,11.88,11.62,11.47,11.75
2016-10-14 13:04:33,12.95,13.63,13.14,12.82,12.54,12.4,12.01,11.75,11.62,11.47,11.75
2016-10-14 13:04:40,12.95,13.63,13.14,12.82,12.54,12.4,12.01,11.88,11.73,11.39,11.97
2016-10-14 13:04:46,12.95,13.63,13.14,12.82,12.54,12.4,12.01,11.88,11.73,11.39,11.97
2016-10-14 13:04:51,13.14,13.63,13.14,12.82,12.54,12.4,12.01,11.88,11.68,11.39,11.97
2016-10-14 13:04:57,12.95,13.63,13.14,12.82,12.54,12.4,12.01,11.88,11.73,11.39,11.97
2016-10-14 13:05:02,12.95,13.63,13.14,12.82,12.54,12.4,12.01,11.75,11.73,11.39,11.97
2016-10-14 13:05:08,12.95,13.63,13.14,12.82,12.54,12.4,12.01,11.88,11.63,11.39,11.97
2016-10-14 13:05:08,12.95,13.63,13.14,12.82,12.54,12.4,12.01,11.82,11.63,11.39,11.97
2016-10-14 13:05:18,12.95,13.59,13.2,12.82,12.54,12.34,12.01,11.82,11.63,11.39,11.75
2016-10-14 13:05:18,12.95,13.59,13.2,12.82,12.54,12.34,12.01,11.82,11.63,11.39,11.75
2016-10-14 13:05:29,12.95,13.59,13.2,12.93,12.54,12.4,12.01,11.82,11.63,11.39,11.75
2016-10-14 13:05:39,12.95,13.59,13.2,12.85,12.54,12.34,12.0,11.88,11.58,11.39,11.75
2016-10-14 13:05:47,12.95,13.59,13.2,12.85,12.45,12.34,12.0,11.88,11.58,11.39,11.75
2016-10-14 13:05:52,12.95,13.59,13.2,12.85,12.52,12.28,12.0,11.81,11.58,11.39,11.75
2016-10-14 13:05:57,13.14,13.59,13.2,12.85,12.52,12.28,12.0,11.95,11.58,11.56,11.75
2016-10-14 13:06:03,13.14,13.59,13.2,12.85,12.52,12.28,12.0,11.75,11.58,11.65,11.75
2016-10-14 13:06:07,12.95,13.59,13.2,12.85,12.52,12.28,12.0,11.88,11.58,11.65,11.75
2016-10-14 13:06:13,12.95,13.63,13.2,12.85,12.52,12.28,12.0,11.75,11.58,11.65,11.75
2016-10-14 13:06:18,12.95,13.63,13.2,12.85,12.52,12.22,12.0,11.95,11.58,11.65,11.75
2016-10-14 13:06:25,12.95,13.59,13.2,12.78,12.52,12.32,12.0,11.95,11.58,11.65,11.75
2016-10-14 13:06:30,12.95,13.63,13.08,12.78,12.59,12.32,12.08,12.01,11.58,11.74,11.75
2016-10-14 13:06:30,12.95,13.63,13.08,12.78,12.59,12.32,12.08,12.01,11.58,11.74,11.75
2016-10-14 13:06:39,13.14,13.63,13.08,12.88,12.59,12.32,12.08,11.88,11.53,11.69,11.75
2016-10-14 13:06:47,13.14,13.63,13.02,12.88,12.59,12.26,12.08,12.01,11.53,11.69,11.75
2016-10-14 13:06:51,13.14,13.63,13.02,12.78,12.59,12.26,12.17,11.88,11.53,11.69,11.75
2016-10-14 13:06:58,13.14,13.68,13.17,12.7,12.59,12.26,12.0,11.74,11.53,11.74,11.75
2016-10-14 13:07:02,13.14,13.68,13.17,12.7,12.59,12.26,12.0,11.74,11.53,11.74,11.75
2016-10-14 13:07:09,13.14,13.68,13.17,12.7,12.5,12.37,12.0,11.74,11.53,11.65,11.75
2016-10-14 13:07:12,13.14,13.68,13.17,12.7,12.5,12.37,12.0,11.74,11.64,11.65,11.75
2016-10-14 13:07:19,13.14,13.63,13.17,12.7,12.5,12.37,12.0,11.87,11.59,11.69,11.75
2016-10-14 13:07:23,13.14,13.63,13.17,12.7,12.5,12.37,12.0,11.87,11.59,11.69,11.75
2016-10-14 13:07:27,13.14,13.63,13.17,12.7,12.5,12.37,12.0,11.94,11.59,11.69,11.75
2016-10-14 13:07:40,13.14,13.42,13.17,12.81,12.5,12.47,12.08,11.94,11.64,11.69,11.75
2016-10-14 13:07:46,13.14,13.42,13.17,12.81,12.4,12.41,12.16,12.01,11.64,11.78,11.75
2016-10-14 13:07:50,12.95,13.42,13.02,12.81,12.4,12.41,12.07,12.01,11.64,11.78,11.75
2016-10-14 13:07:56,12.95,13.42,13.02,12.81,12.4,12.3,12.07,12.01,11.64,11.78,11.75
2016-10-14 13:08:01,12.95,13.42,13.02,12.81,12.4,12.3,11.99,11.87,11.59,11.78,11.75
2016-10-14 13:08:08,12.95,13.42,13.17,12.88,12.4,12.3,11.99,12.01,11.59,11.78,11.75
2016-10-14 13:08:12,12.95,13.42,13.17,12.88,12.47,12.3,11.99,11.87,11.54,11.78,11.75
2016-10-14 13:08:19,13.14,13.42,13.02,12.88,12.47,12.3,12.07,11.87,11.54,11.78,11.75
2016-10-14 13:08:28,13.2,13.42,13.17,12.83,12.47,12.41,12.07,12.01,11.54,11.78,11.75
2016-10-14 13:08:35,13.2,13.42,13.17,12.73,12.47,12.41,12.07,11.87,11.65,11.78,11.75
2016-10-14 13:08:40,13.2,13.51,13.17,12.83,12.47,12.34,11.98,11.87,11.65,11.78,11.75
2016-10-14 13:08:46,13.2,13.47,13.17,12.83,12.47,12.34,11.98,11.87,11.65,11.78,11.75
2016-10-14 13:08:49,13.2,13.47,13.17,12.83,12.47,12.34,11.98,11.87,11.65,11.78,11.75
2016-10-14 13:08:57,13.2,13.47,13.17,12.83,12.47,12.24,12.07,11.87,11.65,11.78,11.75
2016-10-14 13:09:01,13.2,13.47,13.17,12.73,12.47,12.3,12.07,12.01,11.65,11.78,11.75
2016-10-14 13:09:06,13.2,13.47,13.17,12.73,12.47,12.3,12.07,12.01,11.65,11.78,11.75
2016-10-14 13:09:12,13.2,13.47,13.17,12.73,12.47,12.3,12.07,12.01,11.65,11.78,11.75
2016-10-14 13:09:20,13.2,13.47,13.17,12.73,12.47,12.24,12.07,12.01,11.65,11.78,11.75
2016-10-14 13:09:28,13.2,13.42,13.17,12.81,12.47,12.3,12.07,12.01,11.65,11.78,11.75
2016-10-14 13:09:34,13.2,13.42,13.17,12.73,12.47,12.3,12.07,12.01,11.7,11.78,11.75
2016-10-14 13:09:38,13.2,13.37,13.17,12.63,12.5,12.37,11.99,12.01,11.7,11.78,11.75
2016-10-14 13:09:41,13.2,13.37,13.17,12.63,12.5,12.37,12.08,12.01,11.7,11.78,11.75
2016-10-14 13:09:50,12.84,13.37,13.17,12.63,12.5,12.26,12.08,12.01,11.7,11.78,11.75
2016-10-14 13:09:55,12.84,13.37,13.17,12.63,12.5,12.26,12.08,12.01,11.7,11.78,11.75
2016-10-14 13:10:00,12.64,13.33,13.17,12.73,12.5,12.26,12.08,11.88,11.7,11.78,11.75
2016-10-14 13:10:09,12.64,13.33,13.23,12.63,12.5,12.43,12.08,11.88,11.7,11.87,11.75
2016-10-14 13:10:09,12.64,13.37,13.23,12.63,12.5,12.43,12.08,11.88,11.7,11.87,11.75
2016-10-14 13:10:21,12.64,13.37,13.23,12.63,12.5,12.32,12.08,11.74,11.7,11.87,11.75
2016-10-14 13:10:28,12.64,13.37,13.23,12.63,12.43,12.32,12.08,12.01,11.59,11.87,11.75
2016-10-14 13:10:33,12.64,13.33,13.23,12.78,12.5,12.32,12.08,11.88,11.64,11.87,11.75
2016-10-14 13:10:39,12.64,13.33,13.08,12.7,12.5,12.32,12.0,12.01,11.64,11.87,11.75
2016-10-14 13:10:41,12.64,13.33,13.08,12.7,12.5,12.32,12.08,12.01,11.64,11.87,11.75
2016-10-14 13:10:54,12.64,13.33,13.23,12.6,12.43,12.39,12.08,12.01,11.64,11.87,11.75
2016-10-14 13:11:00,12.64,13.33,13.23,12.7,12.43,12.32,12.08,11.88,11.64,11.87,11.75
2016-10-14 13:11:00,12.64,13.33,13.23,12.7,12.43,12.22,12.08,11.88,11.64,11.87,11.75
2016-10-14 13:11:10,12.64,13.33,13.08,12.7,12.43,12.22,12.08,12.01,11.64,11.87,11.75
2016-10-14 13:11:16,12.64,13.33,13.08,12.7,12.43,12.22,12.08,12.01,11.69,11.87,11.75
2016-10-14 13:11:21,12.64,13.33,13.08,12.7,12.5,12.32,12.08,11.74,11.69,11.87,11.75
2016-10-14 13:11:28,12.64,13.37,13.08,12.7,12.5,12.32,12.08,11.88,11.69,11.87,11.75
2016-10-14 13:11:28,12.64,13.37,13.08,12.7,12.43,12.32,12.08,11.88,11.69,11.87,11.75
2016-10-14 13:11:38,12.64,13.42,13.08,12.7,12.43,12.26,12.0,12.01,11.69,11.87,11.75
2016-10-14 13:11:45,12.64,13.42,13.08,12.7,12.43,12.26,12.0,12.01,11.69,11.87,11.75
2016-10-14 13:11:50,12.64,13.42,13.08,12.7,12.43,12.26,12.0,12.01,11.69,11.87,11.75
2016-10-14 13:12:01,12.84,13.42,13.02,12.7,12.43,12.26,12.08,12.01,11.64,11.87,11.75
2016-10-14 13:12:03,12.84,13.42,13.02,12.81,12.5,12.26,12.08,12.01,11.64,11.87,11.75
2016-10-14 13:12:11,12.84,13.42,13.02,12.81,12.5,12.2,12.08,11.94,11.64,11.87,11.75
2016-10-14 13:12:18,12.84,13.42,13.02,12.91,12.5,12.2,12.08,11.94,11.45,11.87,11.75
2016-10-14 13:12:22,12.84,13.42,13.02,12.91,12.5,12.2,12.08,11.94,11.45,11.78,11.75
2016-10-14 13:12:28,12.84,13.42,13.17,12.91,12.33,12.3,12.08,11.94,11.45,11.78,11.75
2016-10-14 13:12:28,12.84,13.42,13.17,12.81,12.4,12.3,12.08,11.94,11.45,11.78,11.75
2016-10-14 13:12:38,12.84,13.42,13.17,12.73,12.4,12.3,12.08,11.94,11.45,11.78,11.75
2016-10-14 13:12:38,12.84,13.42,13.17,12.73,12.4,12.3,12.08,12.01,11.45,11.78,11.75
2016-10-14 13:12:50,12.84,13.42,13.17,12.73,12.4,12.3,12.08,12.01,11.45,11.78,11.75
2016-10-14 13:12:56,12.84,13.42,13.17,12.73,12.4,12.3,11.99,12.01,11.45,11.78,11.75
2016-10-14 13:13:06,12.84,13.42,13.17,12.73,12.4,12.24,12.08,11.87,11.45,11.78,11.75
2016-10-14 13:13:10,12.84,13.42,13.17,12.73,12.4,12.24,12.16,12.01,11.45,11.87,11.75
2016-10-14 13:13:18,12.84,13.42,13.17,12.73,12.47,12.24,12.06,12.07,11.45,11.87,11.75
2016-10-14 13:13:22,12.84,13.42,13.17,12.73,12.47,12.24,12.06,12.07,11.45,11.87,11.75
2016-10-14 13:13:28,12.84,13.42,13.17,12.73,12.47,12.24,12.06,12.07,11.45,11.87,11.75
2016-10-14 13:13:28,12.84,13.42,13.17,12.73,12.47,12.24,12.06,12.07,11.45,11.87,11.75
2016-10-14 13:13:34,12.84,13.42,13.02,12.73,12.38,12.24,12.06,12.07,11.45,11.87,11.75
2016-10-14 13:13:38,12.84,13.42,13.02,12.73,12.38,12.24,12.06,12.07,11.45,11.78,11.75
2016-10-14 13:13:46,12.84,13.42,13.02,12.73,12.38,12.24,12.06,12.07,11.45,11.87,11.75
2016-10-14 13:13:48,12.84,13.47,13.02,12.73,12.38,12.34,12.06,11.93,11.45,11.87,11.75
2016-10-14 13:14:01,13.02,13.47,13.02,12.73,12.38,12.34,11.98,12.01,11.45,11.78,11.75
2016-10-14 13:14:08,12.84,13.47,13.02,12.83,12.47,12.34,12.07,12.01,11.45,11.78,11.75
2016-10-14 13:14:11,12.84,13.47,13.17,12.83,12.47,12.34,12.15,12.01,11.55,11.78,11.75
2016-10-14 13:14:18,12.84,13.47,13.17,12.83,12.47,12.34,12.15,12.01,11.55,11.78,11.75
2016-10-14 13:14:23,12.84,13.42,13.17,12.83,12.47,12.24,12.06,11.87,11.55,11.78,11.75
2016-10-14 13:14:28,12.84,13.42,13.17,12.83,12.4,12.24,12.06,11.87,11.55,11.78,11.75
2016-10-14 13:14:35,12.84,13.42,13.17,12.83,12.4,12.24,11.98,11.87,11.55,11.78,11.75
2016-10-14 13:14:43,13.02,13.42,13.17,12.83,12.47,12.24,11.98,11.87,11.55,11.78,11.75
2016-10-14 13:14:48,13.02,13.42,13.17,12.83,12.47,12.24,11.98,12.01,11.55,11.78,11.75
2016-10-14 13:14:58,13.02,13.42,13.02,12.83,12.47,12.24,11.98,12.01,11.55,11.78,11.75
2016-10-14 13:15:04,13.02,13.42,13.17,12.83,12.4,12.24,11.98,12.01,11.6,11.78,11.75
2016-10-14 13:15:09,13.02,13.42,13.17,12.73,12.4,12.24,11.98,12.01,11.6,11.78,11.75
2016-10-14 13:15:14,13.02,13.42,13.17,12.73,12.4,12.3,11.99,11.87,11.6,11.87,11.75
2016-10-14 13:15:20,13.02,13.42,13.17,12.73,12.4,12.3,11.99,11.94,11.6,11.87,11.75
2016-10-14 13:15:20,13.02,13.42,13.17,12.73,12.4,12.3,11.99,11.94,11.6,11.87,11.75
2016-10-14 13:15:24,13.02,13.42,13.02,12.73,12.4,12.26,11.99,11.94,11.6,11.87,11.75
2016-10-14 13:15:40,13.2,13.42,13.02,12.7,12.33,12.26,11.99,11.94,11.7,11.87,11.75
2016-10-14 13:15:44,13.2,13.42,13.02,12.7,12.33,12.26,12.08,11.94,11.7,11.87,11.75
2016-10-14 13:15:53,13.2,13.38,13.08,12.81,12.33,12.26,12.08,11.94,11.7,11.87,11.5
2016-10-14 13:15:58,13.2,13.38,13.08,12.81,12.43,12.26,12.08,11.94,11.7,11.87,11.5
2016-10-14 13:16:04,13.2,13.38,13.08,12.7,12.52,12.26,12.08,11.74,11.7,11.87,11.5
2016-10-14 13:16:09,13.2,13.38,13.08,12.7,12.52,12.26,11.99,11.88,11.7,11.78,11.5
2016-10-14 13:16:09,13.2,13.38,13.08,12.7,12.52,12.26,11.99,11.94,11.59,11.78,11.5
2016-10-14 13:16:20,13.2,13.38,13.08,12.7,12.43,12.26,11.99,11.94,11.59,11.78,11.5
2016-10-14 13:16:20,13.2,13.33,13.08,12.7,12.43,12.26,11.99,11.94,11.59,11.78,11.5
2016-10-14 13:16:29,13.2,13.33,13.08,12.7,12.43,12.26,11.99,11.94,11.59,11.78,11.75
2016-10-14 13:16:29,13.2,13.33,13.08,12.7,12.43,12.26,11.99,11.94,11.59,11.78,11.75
2016-10-14 13:16:43,12.64,13.33,13.08,12.81,12.43,12.26,11.99,11.94,11.59,11.78,11.5
2016-10-14 13:16:47,13.02,13.33,13.08,12.7,12.43,12.26,11.99,11.94,11.59,11.87,11.5
2016-10-14 13:16:54,13.02,13.33,13.08,12.7,12.43,12.26,11.99,11.8,11.64,11.69,11.75
2016-10-14 13:16:59,13.02,13.33,13.08,12.7,12.43,12.26,11.99,11.8,11.64,11.69,11.5
2016-10-14 13:17:04,13.02,13.33,13.02,12.81,12.57,12.2,11.99,11.87,11.64,11.78,11.5
2016-10-14 13:17:10,13.02,13.38,13.02,12.73,12.57,12.2,11.99,12.01,11.54,11.78,11.5
2016-10-14 13:17:13,13.02,13.38,13.02,12.73,12.57,12.2,11.99,12.01,11.54,11.78,11.5
2016-10-14 13:17:27,13.02,13.38,13.02,12.73,12.47,12.13,11.99,11.87,11.54,11.78,11.5
2016-10-14 13:17:32,13.2,13.42,13.17,12.66,12.47,12.34,11.98,11.87,11.54,11.78,11.5
2016-10-14 13:17:38,13.2,13.47,13.17,12.76,12.47,12.34,11.98,12.07,11.54,11.78,11.5
2016-10-14 13:17:39,13.2,13.37,13.17,12.76,12.55,12.28,11.98,12.07,11.45,11.78,11.5
2016-10-14 13:17:49,13.2,13.37,13.17,12.76,12.45,12.28,11.98,11.93,11.45,11.78,11.5
2016-10-14 13:17:52,13.02,13.37,13.17,12.66,12.55,12.28,11.98,11.93,11.45,11.78,11.5
2016-10-14 13:18:03,13.02,13.41,13.07,12.58,12.38,12.28,12.07,11.99,11.55,11.69,11.5
2016-10-14 13:18:10,13.02,13.37,13.07,12.58,12.38,12.21,11.98,12.13,11.55,11.69,11.5
2016-10-14 13:18:14,13.02,13.37,13.07,12.58,12.45,12.28,11.98,11.99,11.55,11.69,11.5
2016-10-14 13:18:20,13.02,13.37,13.07,12.58,12.45,12.28,11.98,11.99,11.55,11.69,11.5
2016-10-14 13:18:25,13.02,13.37,13.07,12.68,12.45,12.38,12.06,11.99,11.55,11.69,11.5
2016-10-14 13:18:25,13.02,13.37,13.07,12.68,12.45,12.38,12.06,11.99,11.55,11.69,11.5
2016-10-14 13:18:31,13.02,13.27,13.07,12.68,12.45,12.38,11.96,11.99,11.55,11.69,11.5
2016-10-14 13:18:43,13.02,13.41,12.92,12.68,12.35,12.28,11.96,11.85,11.6,11.69,
2016-10-14 13:18:48,13.02,13.41,13.07,12.68,12.28,12.21,11.96,11.99,11.6,11.69,
2016-10-14 13:18:53,13.02,13.41,13.07,12.68,12.42,12.32,11.96,11.85,11.55,11.69,
2016-10-14 13:18:59,13.02,13.41,13.07,12.68,12.35,12.32,11.87,11.85,11.7,11.69,
2016-10-14 13:19:05,13.02,13.32,13.07,12.68,12.42,12.32,11.96,11.85,11.7,11.69,
2016-10-14 13:19:10,13.02,13.32,13.07,12.68,12.42,12.25,11.96,11.99,11.7,11.69,
2016-10-14 13:19:15,13.02,13.46,13.07,12.68,12.52,12.32,11.96,11.71,11.7,11.69,
2016-10-14 13:19:20,13.02,13.37,13.07,12.68,12.52,12.25,11.87,11.85,11.7,11.69,
2016-10-14 13:19:28,13.02,13.37,13.07,12.68,12.49,12.32,11.96,11.91,11.6,11.87,
2016-10-14 13:19:37,13.02,13.41,13.07,12.68,12.49,12.32,11.96,11.77,11.55,11.77,
2016-10-14 13:19:43,13.02,13.46,13.07,12.68,12.49,12.25,11.96,11.91,11.55,11.77,
2016-10-14 13:19:48,13.02,13.46,13.07,12.78,12.42,12.25,11.95,11.91,11.55,11.77,
2016-10-14 13:19:50,13.02,13.37,13.07,12.78,12.42,12.25,11.95,11.91,11.55,11.77,
2016-10-14 13:19:58,12.84,13.37,13.07,12.78,12.42,12.32,11.95,11.91,11.55,11.77,
2016-10-14 13:20:04,12.84,13.46,12.92,12.7,12.42,12.36,11.93,11.71,11.45,11.77,
2016-10-14 13:20:10,12.84,13.35,12.98,12.7,12.4,12.29,12.03,11.71,11.65,11.77,
2016-10-14 13:20:18,12.84,13.35,12.98,12.72,12.42,12.36,11.93,11.85,11.65,11.77,
2016-10-14 13:20:24,12.73,13.35,12.92,12.72,12.42,12.36,11.85,11.85,11.65,11.77,
2016-10-14 13:20:31,12.57,13.35,12.92,12.72,12.33,12.36,11.85,11.71,11.6,11.77,
2016-10-14 13:20:33,12.57,13.35,13.07,12.7,12.33,12.21,11.95,11.85,11.6,11.77,
2016-10-14 13:20:42,12.57,13.26,13.07,12.78,12.42,12.32,11.96,11.71,11.6,11.87,
2016-10-14 13:20:47,12.57,13.26,13.07,12.68,12.35,12.21,11.96,11.58,11.55,11.87,11.5
2016-10-14 13:20:52,12.57,13.31,12.92,12.68,12.35,12.21,11.88,11.87,11.55,11.87,11.5
2016-10-14 13:20:57,12.57,13.31,12.92,12.78,12.35,12.28,11.98,11.87,11.55,11.87,11.5
2016-10-14 13:21:01,12.76,13.31,12.92,12.68,12.42,12.28,11.88,11.73,11.55,11.87,11.5
2016-10-14 13:21:14,12.76,13.26,12.77,12.66,12.35,12.38,11.88,11.87,11.55,11.87,11.5
2016-10-14 13:21:19,12.76,13.26,12.77,12.66,12.55,12.38,11.96,11.87,11.55,11.87,11.5
2016-10-14 13:21:24,12.76,13.26,12.77,12.76,12.55,12.34,11.96,11.73,11.6,11.87,11.5
2016-10-14 13:21:30,12.76,13.31,12.92,12.66,12.55,12.34,11.96,11.87,11.6,11.87,11.5
2016-10-14 13:21:34,12.76,13.26,12.92,12.66,12.45,12.24,12.06,11.73,11.6,11.87,11.5
2016-10-14 13:21:39,12.76,13.26,12.92,12.83,12.45,12.34,11.96,11.87,11.6,11.87,11.5
2016-10-14 13:21:46,12.76,13.26,12.92,12.66,12.45,12.34,11.96,11.87,11.6,11.87,11.5
2016-10-14 13:21:50,12.76,13.26,12.92,12.66,12.45,12.34,11.88,11.87,11.6,11.87,11.5
2016-10-14 13:21:56,12.76,13.26,13.05,12.66,12.38,12.28,11.98,11.87,11.6,11.96,11.5
2016-10-14 13:22:08,12.76,13.26,13.05,12.83,12.38,12.24,11.98,11.87,11.55,11.87,11.5
2016-10-14 13:22:12,12.57,13.26,13.05,12.73,12.38,12.24,11.98,11.73,11.55,11.87,11.5
2016-10-14 13:22:19,12.99,13.26,13.05,12.66,12.38,12.24,11.98,11.87,11.55,11.87,11.5
2016-10-14 13:22:23,12.99,13.26,13.05,12.66,12.38,12.18,11.98,11.87,11.55,11.87,11.5
2016-10-14 13:22:29,12.99,13.26,13.05,12.66,12.38,12.18,11.88,11.87,11.55,11.87,11.5
2016-10-14 13:22:32,12.99,13.26,13.05,12.66,12.38,12.18,11.98,11.73,11.55,11.87,11.5
2016-10-14 13:22:39,12.99,13.26,13.05,12.66,12.38,12.18,11.98,11.87,11.5,11.87,11.5
2016-10-14 13:22:43,12.99,13.26,13.05,12.66,12.38,12.18,11.98,11.73,11.55,11.87,11.5
2016-10-14 13:22:53,12.99,13.26,13.05,12.66,12.38,12.18,11.98,11.73,11.55,11.87,11.5
2016-10-14 13:23:01,12.99,13.26,13.05,12.66,12.38,12.18,11.98,11.87,11.55,11.87,11.5
2016-10-14 13:23:06,12.95,13.26,13.05,12.66,12.28,12.28,11.88,11.93,11.55,11.87,11.5
2016-10-14 13:23:12,12.95,13.26,13.05,12.66,12.35,12.21,11.88,11.99,11.55,11.87,11.5
2016-10-14 13:23:17,12.95,13.26,13.05,12.66,12.45,12.21,11.88,11.99,11.55,11.87,11.5
2016-10-14 13:23:21,12.76,13.35,13.05,12.66,12.45,12.21,11.96,11.99,11.55,11.77,11.5
2016-10-14 13:23:28,12.76,13.35,13.05,12.58,12.28,12.28,11.96,11.99,11.55,11.77,11.5
2016-10-14 13:23:33,12.76,13.31,13.05,12.68,12.35,12.28,11.87,11.85,11.55,11.77,11.5
2016-10-14 13:23:44,12.76,13.35,13.05,12.6,12.35,12.15,11.96,11.85,11.55,11.78,11.5
2016-10-14 13:23:49,12.76,13.35,13.05,12.6,12.42,12.09,11.87,11.99,11.55,11.78,11.5
2016-10-14 13:23:54,12.76,13.35,13.05,12.6,12.42,12.15,11.96,11.99,11.55,11.78,11.5
2016-10-14 13:23:59,12.76,13.35,12.92,12.6,12.42,12.25,11.96,11.85,11.55,11.78,11.5
2016-10-14 13:24:06,12.76,13.35,12.92,12.53,12.42,12.32,11.96,11.71,11.55,11.78,11.5
2016-10-14 13:24:09,12.76,13.35,12.92,12.53,12.42,12.32,11.96,11.85,11.55,11.78,11.5
2016-10-14 13:24:17,12.76,13.35,12.92,12.6,12.33,12.32,11.96,11.91,11.55,11.73,11.5
2016-10-14 13:24:25,12.76,13.25,12.92,12.63,12.33,12.25,11.96,11.83,11.6,11.73,11.5
2016-10-14 13:24:32,12.76,13.25,12.92,12.63,12.33,12.25,11.96,11.83,11.6,11.82,11.5
2016-10-14 13:24:35,12.76,13.3,13.07,12.63,12.33,12.25,12.04,11.83,11.6,11.73,11.5
2016-10-14 13:24:39,12.76,13.25,13.07,12.63,12.33,12.25,12.04,11.98,11.6,11.73,11.5
2016-10-14 13:24:48,12.76,13.25,13.07,12.63,12.33,12.19,12.04,11.98,11.6,11.73,11.5
2016-10-14 13:24:51,12.76,13.3,13.07,12.63,12.33,12.19,12.04,11.98,11.6,11.73,11.5
2016-10-14 13:24:59,12.95,13.3,13.07,12.63,12.4,12.19,12.04,11.98,11.6,11.73,11.5
2016-10-14 13:25:10,12.95,13.3,13.07,12.7,12.33,12.25,11.95,11.77,11.6,11.73,11.5
2016-10-14 13:25:15,12.95,13.3,13.07,12.63,12.33,12.25,11.95,11.77,11.6,11.73,11.5
2016-10-14 13:25:20,12.95,13.3,13.07,12.63,12.4,12.19,11.95,11.91,11.6,11.73,11.5
2016-10-14 13:25:25,12.95,13.25,13.07,12.6,12.4,12.25,11.95,11.91,11.6,11.73,11.5
2016-10-14 13:25:31,12.95,13.25,13.07,12.6,12.49,12.25,11.95,11.91,11.6,11.73,11.5
2016-10-14 13:25:37,12.95,13.35,13.07,12.6,12.42,12.25,11.95,11.91,11.6,11.73,11.5
2016-10-14 13:25:39,12.95,13.35,13.07,12.6,12.42,12.25,11.95,11.91,11.6,11.73,11.5
2016-10-14 13:25:45,12.95,13.35,13.07,12.7,12.42,12.25,11.95,11.91,11.6,11.73,11.5
2016-10-14 13:25:58,12.95,13.3,13.07,12.8,12.33,12.19,11.93,11.77,11.6,11.73,11.5
2016-10-14 13:26:03,12.79,13.34,13.07,12.65,12.46,12.22,11.93,11.91,11.6,11.73,11.5
2016-10-14 13:26:09,12.97,13.34,13.07,12.57,12.34,12.26,11.91,12.02,11.6,11.73,11.5
2016-10-14 13:26:12,12.97,13.34,13.07,12.57,12.34,12.26,11.99,12.02,11.6,11.64,11.5
2016-10-14 13:26:19,12.97,13.43,13.07,12.66,12.4,12.19,11.99,12.02,11.55,11.64,11.5
2016-10-14 13:26:24,12.97,13.43,13.21,12.66,12.4,12.29,11.89,11.81,11.6,11.64,11.5
2016-10-14 13:26:29,12.97,13.34,13.21,12.76,12.4,12.29,11.89,11.87,11.6,11.64,11.5
2016-10-14 13:26:35,12.97,13.43,13.21,12.76,12.4,12.23,11.99,11.87,11.54,11.64,11.5
2016-10-14 13:26:46,12.97,13.32,13.16,12.57,12.5,12.26,11.99,11.96,11.6,11.64,11.5
2016-10-14 13:26:51,12.97,13.36,13.16,12.57,12.5,12.33,11.99,11.96,11.6,11.64,11.5
2016-10-14 13:26:56,13.13,13.36,13.16,12.66,12.5,12.26,11.91,11.96,11.6,11.64,11.5
2016-10-14 13:27:01,13.13,13.23,13.16,12.66,12.43,12.16,11.91,12.1,11.6,11.64,11.5
2016-10-14 13:27:08,13.13,13.41,13.02,12.66,12.34,12.36,11.91,12.1,11.7,11.64,11.5
2016-10-14 13:27:12,13.13,13.41,13.02,12.66,12.43,12.26,12.11,12.1,11.6,11.73,11.5
2016-10-14 13:27:17,13.13,13.27,13.02,12.66,12.4,12.26,11.91,11.81,11.6,11.73,11.5
2016-10-14 13:27:22,13.13,13.38,13.02,12.66,12.5,12.19,11.91,11.96,11.6,11.73,11.5
2016-10-14 13:27:33,13.09,13.47,13.02,12.66,12.4,12.13,11.99,12.08,11.54,11.64,
2016-10-14 13:27:39,13.09,13.36,13.02,12.76,12.4,12.13,11.99,12.08,11.54,11.64,
2016-10-14 13:27:45,13.09,13.31,13.16,12.68,12.37,12.23,11.97,11.93,11.44,11.85,
2016-10-14 13:27:49,12.93,13.31,13.16,12.68,12.37,12.16,11.87,12.08,11.49,11.75,
2016-10-14 13:27:56,12.93,13.31,13.16,12.77,12.44,12.16,11.87,11.77,11.49,11.85,
2016-10-14 13:28:00,12.76,13.35,13.16,12.77,12.44,12.26,11.87,11.93,11.44,11.75,
2016-10-14 13:28:07,12.76,13.39,13.16,12.68,12.44,12.09,11.87,11.77,11.44,11.75,
2016-10-14 13:28:11,12.93,13.35,13.16,12.77,12.44,12.09,11.87,11.77,11.44,11.75,
2016-10-14 13:28:18,12.93,13.35,13.16,12.7,12.37,12.16,11.85,11.77,11.44,11.75,
2016-10-14 13:28:28,12.93,13.33,12.97,12.6,12.34,12.19,11.95,11.84,11.44,11.75,
2016-10-14 13:28:34,12.93,13.23,12.97,12.62,12.4,12.05,11.75,11.9,11.32,11.65,
2016-10-14 13:28:39,12.93,13.27,13.11,12.54,12.37,12.15,11.82,11.9,11.32,11.78,
2016-10-14 13:28:45,12.82,13.36,12.98,12.63,12.26,12.08,11.9,11.8,11.32,11.67,
2016-10-14 13:28:50,12.82,13.45,12.98,12.55,12.33,12.11,11.8,11.69,11.21,11.67,
2016-10-14 13:28:56,12.82,13.45,12.85,12.64,12.33,12.18,11.87,11.86,11.21,11.67,
2016-10-14 13:29:02,12.82,13.25,12.85,12.64,12.33,12.11,11.87,11.63,11.21,11.67,
2016-10-14 13:29:06,12.82,13.25,13.04,12.63,12.26,12.15,11.82,11.63,11.21,11.67,
2016-10-14 13:29:13,12.82,13.25,13.04,12.71,12.26,12.08,11.72,11.74,11.15,11.67,
2016-10-14 13:29:18,12.82,13.45,13.04,12.63,12.33,12.08,11.72,11.86,11.15,11.67,
2016-10-14 13:29:24,12.97,13.45,13.04,12.64,12.33,12.11,11.87,11.86,11.15,11.67,
2016-10-14 13:29:35,13.17,13.45,13.04,12.64,12.39,12.11,11.69,11.69,11.15,11.67,
2016-10-14 13:29:39,13.17,13.45,13.04,12.72,12.33,12.11,11.69,11.86,11.15,11.67,
2016-10-14 13:29:45,12.58,13.45,13.04,12.55,12.26,12.11,11.8,11.86,11.15,11.67,
2016-10-14 13:29:49,12.74,13.34,12.98,12.65,12.25,12.06,11.77,11.87,11.09,11.67,
2016-10-14 13:29:55,12.89,13.54,12.98,12.49,12.42,12.08,11.77,11.75,11.09,11.67,
2016-10-14 13:30:00,12.74,13.54,12.98,12.49,12.31,11.99,11.81,11.75,11.09,11.56,
2016-10-14 13:30:06,12.74,13.34,12.98,12.66,12.31,12.15,11.73,11.92,11.03,11.56,
2016-10-14 13:30:12,12.66,13.34,12.98,12.57,12.31,12.08,11.81,11.75,11.03,11.56,
2016-10-14 13:30:17,12.66,13.34,12.98,12.57,12.33,12.08,11.88,11.86,11.47,11.85,
2016-10-14 13:30:23,12.66,13.34,13.11,12.57,12.33,12.18,11.88,11.86,11.47,11.85,
2016-10-14 13:30:29,12.66,13.54,12.98,12.57,12.27,12.25,11.88,12.04,11.47,11.85,
2016-10-14 13:30:34,13.09,13.54,12.98,12.57,12.25,12.06,11.77,12.04,11.53,11.85,
2016-10-14 13:30:39,13.09,13.34,12.85,12.48,12.46,12.04,11.77,11.92,11.53,11.97,
2016-10-14 13:30:45,13.09,13.34,12.85,12.73,12.25,11.96,11.91,11.75,11.47,11.97,
2016-10-14 13:30:50,13.09,13.14,12.85,12.57,12.31,12.06,11.91,11.75,11.47,11.97,
2016-10-14 13:30:56,13.09,13.34,12.85,12.57,12.31,12.06,11.81,11.84,11.47,11.97,
2016-10-14 13:31:01,12.66,13.29,12.85,12.57,12.25,12.15,11.91,11.81,11.47,11.85,
2016-10-14 13:31:11,13.09,13.29,12.85,12.57,12.31,12.13,11.84,11.98,11.47,11.85,
2016-10-14 13:31:17,13.09,13.29,12.85,12.57,12.31,12.06,11.91,11.81,11.47,11.85,
2016-10-14 13:31:23,12.97,13.29,12.85,12.65,12.35,12.13,11.91,11.92,11.47,11.85,
2016-10-14 13:31:28,12.97,13.29,12.85,12.56,12.35,12.13,11.84,11.75,11.47,11.85,
2016-10-14 13:31:33,12.97,13.29,12.85,12.65,12.35,12.13,11.91,11.81,11.47,11.85,
2016-10-14 13:31:38,12.82,13.08,12.85,12.56,12.25,12.13,11.91,11.81,11.47,11.85,
2016-10-14 13:31:44,13.25,13.08,12.85,12.65,12.25,12.13,12.02,11.87,11.53,11.85,
2016-10-14 13:31:49,13.25,13.08,12.98,12.65,12.25,12.13,11.91,11.87,11.53,11.85,
2016-10-14 13:32:00,13.25,13.29,13.04,12.65,12.35,12.3,11.84,11.81,11.53,12.08,
2016-10-14 13:32:04,13.25,13.29,13.04,12.65,12.35,12.04,11.84,11.81,11.53,12.08,
2016-10-14 13:32:09,12.97,13.29,13.04,12.65,12.25,12.2,11.94,11.75,11.43,12.08,
2016-10-14 13:32:16,12.97,13.29,13.04,12.56,12.19,12.13,11.94,11.75,11.43,11.85,
2016-10-14 13:32:21,12.97,13.08,13.04,12.56,12.19,12.2,11.94,11.75,11.49,11.85,
2016-10-14 13:32:26,12.97,13.19,13.04,12.56,12.19,12.04,11.77,11.75,11.49,11.85,
2016-10-14 13:32:32,12.97,13.19,13.04,12.56,12.29,12.13,11.84,11.92,11.43,11.85,
2016-10-14 13:32:43,12.82,13.19,13.04,12.65,12.29,12.13,11.84,11.75,11.49,11.77,
2016-10-14 13:32:48,12.82,13.4,13.11,12.65,12.29,12.11,11.84,11.75,11.37,11.77,
2016-10-14 13:32:53,12.82,13.4,13.11,12.65,12.29,12.2,11.94,11.75,11.43,11.77,
2016-10-14 13:32:59,12.82,13.4,13.11,12.65,12.29,12.2,11.84,11.92,11.43,11.77,
2016-10-14 13:33:02,12.82,13.4,13.11,12.65,12.29,12.11,11.77,11.69,11.43,11.77,
2016-10-14 13:33:09,12.97,13.19,13.11,12.56,12.29,12.11,11.87,11.86,11.43,11.77,
2016-10-14 13:33:15,12.97,13.19,13.04,12.64,12.33,12.01,11.87,11.69,11.43,11.77,
2016-10-14 13:33:20,12.82,13.19,13.04,12.55,12.26,12.25,11.8,11.86,11.43,11.77,
2016-10-14 13:33:30,12.82,13.15,13.04,12.62,12.3,12.12,11.75,11.74,11.55,11.77,
2016-10-14 13:33:35,12.82,13.19,13.18,12.52,12.37,12.12,11.75,11.74,11.55,11.77,
2016-10-14 13:33:40,12.82,13.15,13.04,12.7,12.3,12.15,11.75,11.9,11.49,11.77,
2016-10-14 13:33:47,12.82,13.19,12.91,12.54,12.3,12.22,11.82,11.74,11.55,11.88,
2016-10-14 13:33:52,12.82,13.3,12.91,12.63,12.3,12.15,11.82,11.9,11.55,11.99,
2016-10-14 13:33:57,12.82,13.3,13.04,12.62,12.37,12.15,11.72,11.96,11.55,11.99,
2016-10-14 13:34:03,12.82,13.3,13.04,12.46,12.37,12.25,11.72,11.96,11.55,11.99,
2016-10-14 13:34:14,12.66,13.25,13.04,12.46,12.26,12.27,11.8,11.8,11.49,11.88,
2016-10-14 13:34:19,12.66,13.25,13.04,12.55,12.23,12.18,11.8,11.8,11.55,11.77,
2016-10-14 13:34:25,12.62,13.25,13.04,12.55,12.23,12.27,11.87,11.8,11.55,11.88,
2016-10-14 13:34:30,12.78,13.3,13.04,12.55,12.23,12.2,11.87,11.63,11.49,11.88,
2016-10-14 13:34:36,12.78,13.3,13.04,12.55,12.23,12.2,11.87,11.69,11.43,11.88,
2016-10-14 13:34:41,12.78,13.3,13.18,12.55,12.23,12.2,11.87,11.86,11.43,11.88,
2016-10-14 13:34:46,12.62,13.3,13.18,12.64,12.23,12.2,11.87,11.86,11.43,11.77,
2016-10-14 13:34:50,12.62,13.19,13.18,12.56,12.23,12.11,11.87,11.86,11.43,11.77,
2016-10-14 13:35:02,12.58,13.4,13.04,12.64,12.29,12.2,11.77,11.92,11.37,11.66,
2016-10-14 13:35:07,12.58,13.4,13.04,12.65,12.29,12.27,11.77,11.92,11.37,11.66,
2016-10-14 13:35:13,12.58,13.19,13.04,12.65,12.23,12.27,11.77,11.86,11.37,11.66,
2016-10-14 13:35:19,12.58,13.25,13.04,12.65,12.29,12.27,11.77,11.86,11.37,11.66,
2016-10-14 13:35:24,12.58,13.19,13.04,12.65,12.39,12.2,11.77,11.86,11.37,11.66,
2016-10-14 13:35:28,12.58,13.19,13.18,12.64,12.39,12.3,11.77,11.86,11.43,11.66,
2016-10-14 13:35:39,12.58,13.4,13.18,12.73,12.39,12.2,11.77,11.86,11.43,11.66,
2016-10-14 13:35:45,12.58,13.4,13.18,12.55,12.39,12.27,11.77,11.86,11.43,11.66,
2016-10-14 13:35:50,12.58,13.4,13.18,12.55,12.33,12.2,11.77,11.69,11.43,11.77,
2016-10-14 13:35:56,12.58,13.4,13.11,12.64,12.33,12.27,11.87,11.69,11.43,11.77,
2016-10-14 13:36:01,12.58,13.4,13.11,12.55,12.39,12.27,11.77,11.86,11.43,11.77,
2016-10-14 13:36:07,12.58,13.4,13.04,12.64,12.39,12.18,11.87,11.86,11.43,11.77,
2016-10-14 13:36:18,12.58,13.25,13.04,12.64,12.23,12.11,11.77,11.69,11.43,11.77,
2016-10-14 13:36:23,12.58,13.25,13.04,12.55,12.23,12.11,11.77,11.86,11.43,11.77,
2016-10-14 13:36:26,12.74,13.45,13.04,12.56,12.33,12.11,11.77,11.86,11.43,11.77,
2016-10-14 13:36:34,12.74,13.25,13.18,12.55,12.29,12.11,11.77,11.86,11.43,11.77,
2016-10-14 13:36:39,12.74,13.45,13.04,12.47,12.23,12.18,11.87,11.69,11.43,11.77,
2016-10-14 13:36:43,12.82,13.45,13.04,12.47,12.23,12.18,11.77,11.69,11.49,11.77,
2016-10-14 13:36:50,12.82,13.25,13.18,12.55,12.23,12.11,11.77,11.8,11.49,11.77,
2016-10-14 13:36:56,12.82,13.45,13.04,12.55,12.26,12.11,11.69,11.8,11.49,11.77,
2016-10-14 13:37:01,12.82,13.45,13.04,12.55,12.33,12.18,11.8,11.8,11.49,11.77,
2016-10-14 13:37:05,12.82,13.25,13.04,12.55,12.16,12.18,11.8,11.74,11.43,11.77,
2016-10-14 13:37:11,12.82,13.25,13.11,12.63,12.16,12.18,11.8,11.74,11.43,11.49,
2016-10-14 13:37:17,12.97,13.25,13.24,12.72,12.16,12.08,11.72,11.74,11.43,11.49,
2016-10-14 13:37:21,12.97,13.25,13.24,12.63,12.16,12.08,11.82,11.58,11.43,11.49,
2016-10-14 13:37:28,12.97,13.25,13.11,12.63,12.2,12.15,11.82,11.74,11.49,11.6,
2016-10-14 13:37:33,12.97,13.25,13.11,12.63,12.2,12.15,11.82,11.74,11.43,11.6,
2016-10-14 13:37:44,12.82,13.37,13.11,12.54,12.2,12.15,11.82,11.52,11.43,11.71,
2016-10-14 13:37:47,12.82,13.41,13.11,12.63,12.3,12.15,11.82,11.68,11.43,11.71,
2016-10-14 13:37:54,13.11,13.32,13.11,12.44,12.23,12.05,11.82,11.68,11.43,11.71,
2016-10-14 13:38:00,12.97,13.36,12.98,12.54,12.34,12.22,11.72,11.68,11.43,11.6,
2016-10-14 13:38:04,13.13,13.36,12.98,12.62,12.23,12.12,11.82,11.68,11.49,11.6,
2016-10-14 13:38:10,13.13,13.36,12.98,12.62,12.23,12.12,11.82,11.68,11.49,11.6,
2016-10-14 13:38:14,13.13,13.36,12.98,12.52,12.23,12.12,11.92,11.84,11.49,11.6,
2016-10-14 13:38:27,13.13,13.36,12.98,12.62,12.2,12.15,11.82,11.52,11.49,11.71,
2016-10-14 13:38:32,13.13,13.36,12.98,12.62,12.2,12.15,11.72,11.68,11.49,11.71,
2016-10-14 13:38:37,13.13,13.36,13.11,12.54,12.13,12.15,11.82,11.52,11.43,11.71,
2016-10-14 13:38:43,13.13,13.36,13.11,12.54,12.13,12.15,11.82,11.68,11.43,11.6,
2016-10-14 13:38:46,13.13,13.32,13.11,12.54,12.3,12.25,11.82,11.52,11.43,11.71,
2016-10-14 13:38:52,13.13,13.32,13.11,12.54,12.3,12.25,11.82,11.52,11.43,11.6,
2016-10-14 13:38:58,13.13,13.32,13.11,12.63,12.2,12.18,11.72,11.68,11.43,11.6,
2016-10-14 13:39:10,13.13,13.36,12.98,12.63,12.23,12.18,11.65,11.58,11.43,11.6,
2016-10-14 13:39:11,13.13,13.36,12.98,12.63,12.3,12.08,11.82,11.58,11.55,11.49,
2016-10-14 13:39:20,13.27,13.36,12.98,12.63,12.23,12.25,11.82,11.58,11.55,11.49,
2016-10-14 13:39:25,13.07,13.36,12.98,12.63,12.23,12.25,11.72,11.58,11.55,11.49,
2016-10-14 13:39:31,13.07,13.36,12.98,12.54,12.13,12.18,11.9,11.58,11.45,11.49,
2016-10-14 13:39:36,13.21,13.56,12.98,12.54,12.13,12.18,11.72,11.74,11.51,11.49,
2016-10-14 13:39:42,13.07,13.56,13.11,12.54,12.2,12.25,11.72,11.58,11.51,11.6,
2016-10-14 13:39:52,13.07,13.56,13.11,12.54,12.2,12.25,11.72,11.58,11.45,11.6,
2016-10-14 13:39:57,13.07,13.56,13.11,12.54,12.2,12.15,11.72,11.58,11.45,11.6,
2016-10-14 13:40:03,13.07,13.56,13.24,12.63,12.3,12.25,11.72,11.58,11.51,11.49,
2016-10-14 13:40:08,13.07,13.56,13.24,12.63,12.3,12.25,11.72,11.58,11.45,11.49,
2016-10-14 13:40:13,13.07,13.36,13.11,12.71,12.3,12.15,11.72,11.58,11.45,11.49,
2016-10-14 13:40:19,13.07,13.36,13.11,12.62,12.2,12.15,11.72,11.58,11.51,11.49,
2016-10-14 13:40:24,13.07,13.36,13.24,12.54,12.3,12.25,11.82,11.58,11.51,11.49,
2016-10-14 13:40:35,13.21,13.36,13.24,12.62,12.3,12.18,11.72,11.58,11.4,11.6,
2016-10-14 13:40:40,12.93,13.36,13.24,12.62,12.2,12.15,11.72,11.58,11.4,11.6,
2016-10-14 13:40:44,13.07,13.36,13.11,12.62,12.2,12.15,11.82,11.74,11.4,11.6,
2016-10-14 13:40:51,13.07,13.56,13.11,12.62,12.37,12.18,11.72,11.58,11.4,11.6,
2016-10-14 13:40:53,12.93,13.56,13.11,12.62,12.37,12.18,11.8,11.58,11.4,11.6,
2016-10-14 13:41:01,12.93,13.56,13.11,12.62,12.26,12.18,11.8,11.58,11.46,11.6,
2016-10-14 13:41:12,12.93,13.56,13.11,12.54,12.2,12.15,11.8,11.58,11.46,11.6,
2016-10-14 13:41:17,12.93,13.36,13.11,12.54,12.2,12.15,11.8,11.58,11.46,11.6,
2016-10-14 13:41:22,12.93,13.56,13.11,12.54,12.26,12.15,11.8,11.58,11.4,11.6,
2016-10-14 13:41:28,12.93,13.56,13.11,12.54,12.26,12.15,11.72,11.58,11.4,11.71,
2016-10-14 13:41:34,12.93,13.3,13.11,12.54,12.26,12.32,11.72,11.58,11.4,11.6,
2016-10-14 13:41:39,13.21,13.51,13.11,12.54,12.26,12.32,11.72,11.68,11.46,11.65,
2016-10-14 13:41:44,13.21,13.51,13.11,12.54,12.26,12.15,11.72,11.74,11.46,11.65,
2016-10-14 13:41:55,13.21,13.56,13.04,12.54,12.26,12.15,11.72,11.58,11.4,11.65,
2016-10-14 13:42:01,13.21,13.56,13.04,12.54,12.16,12.05,11.8,11.58,11.46,11.65,
2016-10-14 13:42:06,13.29,13.56,12.98,12.62,12.1,12.25,11.72,11.58,11.4,11.65,
2016-10-14 13:42:11,13.29,13.56,13.11,12.62,12.3,12.15,11.72,11.58,11.4,11.76,
2016-10-14 13:42:17,13.29,13.56,13.11,12.62,12.3,12.15,11.72,11.58,11.46,11.65,
2016-10-14 13:42:22,13.29,13.56,13.11,12.52,12.3,12.15,11.8,11.52,11.46,11.65,
2016-10-14 13:42:33,13.29,13.56,12.98,12.62,12.2,12.15,11.72,11.52,11.4,11.56,
2016-10-14 13:42:38,13.29,13.36,13.11,12.52,12.37,12.05,11.65,11.52,11.4,11.56,
2016-10-14 13:42:43,13.29,13.36,13.11,12.52,12.37,12.05,11.65,11.52,11.46,11.45,
2016-10-14 13:42:49,13.43,13.56,13.11,12.44,12.2,12.15,11.54,11.52,11.4,11.45,
2016-10-14 13:42:54,13.43,13.36,13.11,12.54,12.2,12.15,11.54,11.46,11.4,11.45,
