datetime,Put_8500,Put_8600,Put_8700,Put_8800,Put_8900,Put_8950,Put_9000,Put_9050,Put_9100,Put_9150,Put_9200,Put_9250,Put_9300,Put_9350,Put_9400
2016-10-14 12:32:07,,23.94,21.21,18.89,16.06,15.32,14.79,14.05,13.46,13.23,13.01,12.85,12.69,12.49,13.35
2016-10-14 12:32:07,,23.94,21.21,18.89,16.06,15.32,14.79,14.05,13.46,13.23,13.01,12.85,12.69,12.49,13.35
2016-10-14 12:32:13,,23.94,21.21,18.89,16.06,15.32,14.79,14.05,13.46,13.16,13.01,12.85,12.69,12.49,13.35
2016-10-14 12:32:23,,23.94,21.21,18.89,16.06,15.32,14.79,14.05,13.54,13.08,13.01,12.85,12.75,12.49,13.35
2016-10-14 12:32:28,,23.94,21.21,18.89,16.06,15.32,14.79,14.05,13.54,13.08,13.01,12.85,12.75,12.49,13.35
2016-10-14 12:32:33,,23.94,21.21,18.89,16.06,15.32,14.79,14.05,13.64,13.16,13.01,12.85,12.75,12.49,13.35
2016-10-14 12:32:40,,23.94,21.21,18.89,16.06,15.32,14.79,14.05,13.64,13.16,13.01,12.76,12.75,12.53,13.35
2016-10-14 12:32:44,,23.94,21.21,18.89,16.06,15.32,14.79,14.05,13.54,13.16,13.01,12.76,12.82,12.57,13.35
2016-10-14 12:32:51,,23.94,21.21,18.89,16.06,15.32,14.79,14.05,13.54,13.16,13.07,12.85,12.82,12.57,13.35
2016-10-14 12:32:51,,23.94,21.21,18.89,16.06,15.32,14.79,14.05,13.54,13.16,13.07,12.85,12.82,12.57,13.35
2016-10-14 12:33:01,,23.94,21.21,18.89,16.06,15.32,14.79,14.05,13.54,13.16,13.07,12.85,12.82,12.61,13.35
2016-10-14 12:33:13,,23.94,21.21,18.89,16.06,15.32,14.75,13.91,13.54,13.08,12.96,12.85,12.69,12.61,13.35
2016-10-14 12:33:18,,23.94,21.21,18.89,16.06,15.32,14.71,13.91,13.54,13.08,12.96,12.85,12.69,12.61,13.35
2016-10-14 12:33:23,,23.94,21.21,18.89,16.06,15.32,14.71,13.91,13.54,13.08,12.96,12.76,12.69,12.61,13.35
2016-10-14 12:33:28,,23.94,21.21,18.89,16.06,15.32,14.71,13.91,13.54,13.08,13.03,12.68,12.69,12.57,13.35
2016-10-14 12:33:28,,23.94,21.21,18.89,16.06,15.32,14.71,13.91,13.54,13.08,12.96,12.68,12.69,12.57,13.35
2016-10-14 12:33:36,,23.94,21.21,18.89,16.06,15.32,14.62,13.91,13.61,13.08,12.96,12.68,12.69,12.57,13.35
2016-10-14 12:33:46,,23.94,21.21,18.89,16.1,15.32,14.62,13.91,13.51,13.18,13.03,12.68,12.69,12.78,13.35
2016-10-14 12:33:47,,23.94,21.21,18.89,16.06,15.32,14.62,13.91,13.51,13.18,13.03,12.68,12.69,12.74,13.35
2016-10-14 12:33:57,,23.94,21.21,18.89,16.06,15.32,14.71,13.91,13.51,13.18,13.03,12.68,12.82,12.74,13.35
2016-10-14 12:34:03,,23.94,21.21,18.89,15.96,15.32,14.71,13.91,13.51,13.18,13.03,12.77,12.82,12.74,13.35
2016-10-14 12:34:07,,23.94,21.21,18.89,15.96,15.32,14.71,13.91,13.51,13.18,13.03,12.77,12.82,12.74,13.35
2016-10-14 12:34:14,,23.94,21.21,18.89,15.96,15.32,14.71,13.91,13.51,13.18,13.03,12.68,12.82,12.74,13.35
2016-10-14 12:34:14,,23.94,21.21,18.89,15.96,15.32,14.71,13.91,13.51,13.18,12.96,12.68,12.82,12.74,13.35
2016-10-14 12:34:25,,23.94,21.21,18.73,15.96,15.32,14.71,13.91,13.51,13.18,12.96,12.68,12.82,12.74,13.35
2016-10-14 12:34:33,,23.94,21.21,18.73,15.96,15.32,14.71,13.91,13.51,13.25,12.96,12.68,12.69,12.74,13.29
2016-10-14 12:34:41,,23.94,21.21,18.73,15.96,15.32,14.71,13.91,13.51,13.25,12.96,12.77,12.69,12.74,13.35
2016-10-14 12:34:46,,23.94,21.21,18.73,15.96,15.32,14.71,13.91,13.51,13.25,12.96,12.77,12.69,12.74,13.35
2016-10-14 12:34:52,,23.94,21.21,18.73,15.96,15.19,14.71,13.91,13.51,13.25,12.96,12.77,12.69,12.74,13.35
2016-10-14 12:34:58,,23.94,21.21,18.73,15.96,15.19,14.71,13.77,13.51,13.25,12.96,12.77,12.69,12.74,13.35
2016-10-14 12:35:01,,23.94,21.21,18.73,15.96,15.19,14.66,13.77,13.51,13.25,12.9,12.77,12.69,12.74,13.35
2016-10-14 12:35:06,,23.94,21.21,18.73,15.96,15.19,14.66,13.77,13.61,13.25,12.9,12.77,12.82,12.74,13.26
2016-10-14 12:35:15,,23.94,21.21,18.73,15.96,15.19,14.66,13.77,13.61,13.25,12.9,12.77,12.69,12.74,13.26
2016-10-14 12:35:19,,23.94,21.21,18.89,15.96,15.19,14.66,13.77,13.61,13.25,12.96,12.77,12.69,12.74,13.26
2016-10-14 12:35:23,,23.94,21.21,18.89,15.96,15.19,14.66,13.77,13.61,13.25,12.96,12.77,12.69,12.74,13.32
2016-10-14 12:35:31,,23.94,21.21,18.89,15.96,15.19,14.66,13.77,13.61,13.25,12.96,12.77,12.69,12.74,13.32
2016-10-14 12:35:33,,23.94,21.21,18.89,15.96,15.19,14.62,13.77,13.61,13.25,12.96,12.77,12.69,12.74,13.32
2016-10-14 12:35:40,,23.94,21.21,18.89,15.96,15.19,14.62,13.77,13.61,13.25,12.96,12.77,12.69,12.74,13.32
2016-10-14 12:35:48,,23.94,21.21,18.89,15.96,15.19,14.62,13.77,13.61,13.25,12.96,12.77,12.69,12.74,13.32
2016-10-14 12:35:53,,23.94,21.21,18.89,15.96,15.19,14.62,13.77,13.61,13.25,13.07,12.68,12.69,12.74,13.32
2016-10-14 12:35:58,,23.94,21.47,18.73,15.96,15.19,14.62,13.77,13.61,13.25,13.07,12.68,12.69,12.74,13.32
2016-10-14 12:36:03,,23.94,21.47,18.73,15.86,15.19,14.62,13.77,13.61,13.25,13.07,12.68,12.69,12.74,13.32
2016-10-14 12:36:10,,23.94,21.47,18.89,15.86,15.19,14.62,13.77,13.61,13.25,12.96,12.77,12.69,12.74,13.32
2016-10-14 12:36:21,,23.94,21.47,18.89,15.86,15.19,14.66,13.77,13.61,13.25,13.07,12.77,12.69,12.74,13.19
2016-10-14 12:36:26,,23.94,21.47,18.73,15.86,15.19,14.66,13.77,13.51,13.25,13.07,12.77,12.69,12.74,13.19
2016-10-14 12:36:30,,23.94,21.47,18.73,15.86,15.19,14.66,13.77,13.51,13.25,12.96,12.68,12.69,12.74,13.19
2016-10-14 12:36:30,,23.94,21.47,18.73,15.86,15.19,14.66,13.77,13.51,13.25,12.96,12.68,12.69,12.74,13.19
2016-10-14 12:36:41,,23.94,21.47,18.73,15.86,15.19,14.66,13.96,13.51,13.18,12.96,12.68,12.69,12.74,13.32
2016-10-14 12:36:47,,23.94,21.47,18.73,15.86,15.19,14.66,13.96,13.51,13.18,13.07,12.68,12.69,12.74,13.32
2016-10-14 12:36:54,,23.94,21.47,18.73,15.86,15.19,14.66,13.96,13.51,13.18,13.07,12.68,12.69,12.74,13.32
2016-10-14 12:36:57,,23.94,21.47,18.73,15.86,15.19,14.66,13.96,13.51,13.18,12.96,12.68,12.69,12.74,13.32
2016-10-14 12:37:03,,23.94,21.47,18.73,15.86,15.19,14.66,13.96,13.51,13.18,12.96,12.68,12.69,12.74,13.32
2016-10-14 12:37:09,,23.94,21.47,18.73,15.86,15.19,14.66,13.96,13.51,13.18,12.96,12.68,12.69,12.74,13.32
2016-10-14 12:37:14,,23.94,21.47,18.73,15.86,15.19,14.66,13.96,13.51,13.18,12.96,12.68,12.69,12.74,13.26
2016-10-14 12:37:20,,23.94,21.47,18.73,15.86,15.19,14.66,14.11,13.51,13.18,12.96,12.68,12.69,12.74,13.26
2016-10-14 12:37:26,,23.94,21.47,18.73,15.86,15.19,14.66,14.11,13.51,13.25,12.96,12.68,12.69,12.74,13.26
2016-10-14 12:37:37,,23.94,21.47,18.73,15.86,15.19,14.82,14.11,13.59,13.18,12.96,12.68,12.69,12.74,13.26
2016-10-14 12:37:42,,23.94,21.47,18.57,15.86,15.19,14.78,14.11,13.59,13.18,12.96,12.68,12.69,12.74,13.26
2016-10-14 12:37:42,,23.94,21.47,18.57,15.86,15.19,14.78,14.11,13.51,13.18,12.96,12.68,12.69,12.74,13.26
2016-10-14 12:37:53,,23.94,21.47,18.57,15.86,15.19,14.78,14.11,13.51,13.18,12.96,12.68,12.69,12.74,13.26
2016-10-14 12:37:58,,23.94,21.47,18.57,15.86,15.19,14.78,14.11,13.51,13.18,12.96,12.68,12.69,12.74,13.26
2016-10-14 12:38:04,,23.94,21.47,18.57,15.86,15.19,14.79,14.11,13.51,13.18,13.03,12.77,12.69,12.78,13.26
2016-10-14 12:38:04,,23.94,21.47,18.57,15.86,15.19,14.79,14.11,13.51,13.18,13.03,12.77,12.82,12.78,13.32
2016-10-14 12:38:15,,23.94,21.47,18.57,15.86,15.19,14.83,14.11,13.51,13.18,12.92,12.77,12.82,12.67,13.32
2016-10-14 12:38:16,,23.94,21.47,18.57,15.86,15.19,14.83,14.11,13.51,13.18,12.92,12.77,12.82,12.67,13.32
2016-10-14 12:38:16,,23.94,21.47,18.57,15.86,15.19,14.83,14.11,13.51,13.18,12.92,12.77,12.82,12.67,13.32
2016-10-14 12:38:25,,23.94,21.47,18.57,15.86,15.19,14.83,14.11,13.69,13.18,12.92,12.77,12.75,12.67,13.32
2016-10-14 12:38:31,,23.94,21.47,18.57,15.86,15.19,14.83,14.11,13.69,13.18,13.03,12.77,12.75,12.63,13.32
2016-10-14 12:38:37,,23.94,21.47,18.57,15.86,15.19,14.83,13.96,13.49,13.18,12.92,12.68,12.75,12.63,13.32
2016-10-14 12:38:47,,23.94,21.47,18.57,15.86,15.19,14.83,13.96,13.59,13.11,13.09,12.68,12.75,12.63,13.32
2016-10-14 12:38:51,,23.94,21.47,18.57,15.86,15.19,14.79,13.96,13.59,13.11,13.09,12.68,12.75,12.63,13.32
2016-10-14 12:38:57,,23.94,21.47,18.57,15.86,15.19,14.79,13.96,13.59,13.11,13.09,12.68,12.75,12.63,13.32
2016-10-14 12:39:00,,23.94,21.47,18.57,15.86,15.19,14.79,13.96,13.59,13.11,13.09,12.68,12.75,12.63,13.32
2016-10-14 12:39:07,,23.94,21.47,18.57,15.86,15.19,14.83,13.96,13.59,13.11,12.98,12.68,12.75,12.63,13.32
2016-10-14 12:39:14,,23.94,21.47,18.57,15.86,15.19,14.83,13.96,13.59,13.11,13.09,12.68,12.75,12.63,13.32
2016-10-14 12:39:16,,23.94,21.47,18.57,15.86,15.19,14.83,13.96,13.49,13.11,13.03,12.68,12.75,12.63,13.32
2016-10-14 12:39:24,,23.94,21.47,18.57,15.86,15.19,14.83,13.96,13.49,13.11,12.98,12.68,12.75,12.63,13.32
2016-10-14 12:39:30,,23.94,21.47,18.57,15.86,15.19,14.83,13.96,13.49,13.2,12.98,12.68,12.75,12.63,13.23
2016-10-14 12:39:38,,23.94,21.47,18.57,15.86,15.19,14.83,13.96,13.49,13.13,12.98,12.68,12.62,12.63,13.23
2016-10-14 12:39:46,,23.94,21.47,18.57,15.86,15.19,14.83,13.96,13.49,13.13,12.98,12.68,12.75,12.57,13.23
2016-10-14 12:39:51,,23.94,21.47,18.57,15.86,15.19,14.83,13.96,13.49,13.13,12.98,12.68,12.75,12.57,13.23
2016-10-14 12:39:55,,23.94,21.47,18.57,15.86,15.19,14.7,13.96,13.49,13.13,12.98,12.68,12.75,12.57,13.23
2016-10-14 12:40:08,,23.94,21.47,18.57,15.86,15.12,14.66,13.96,13.46,13.05,13.05,12.6,12.75,12.61,13.18
2016-10-14 12:40:13,,23.94,21.47,18.57,15.86,15.12,14.66,13.96,13.56,13.13,12.98,12.6,12.62,12.61,13.18
2016-10-14 12:40:19,,23.94,21.47,18.57,15.86,15.12,14.62,14.15,13.56,13.05,12.87,12.6,12.49,12.57,13.18
2016-10-14 12:40:24,,23.94,21.47,18.57,15.86,15.12,14.62,14.15,13.56,13.05,12.87,12.6,12.49,12.61,13.18
2016-10-14 12:40:28,,23.94,21.47,18.57,15.86,15.12,14.62,14.15,13.56,13.05,12.87,12.6,12.62,12.61,13.18
2016-10-14 12:40:35,,23.94,21.47,18.57,15.86,15.12,14.62,14.15,13.56,13.13,12.87,12.6,12.62,12.61,13.18
2016-10-14 12:40:40,,23.94,21.47,18.57,15.86,15.05,14.62,14.15,13.49,13.13,12.98,12.68,12.49,12.61,13.18
2016-10-14 12:40:44,,23.94,21.47,18.57,15.86,15.05,14.62,14.15,13.49,13.13,12.98,12.68,12.62,12.61,13.18
2016-10-14 12:40:48,,23.94,21.47,18.57,15.86,15.05,14.62,14.15,13.49,13.13,12.98,12.68,12.62,12.61,13.18
2016-10-14 12:40:56,,23.94,21.47,18.57,15.86,15.05,14.62,14.15,13.49,13.13,12.98,12.68,12.75,12.61,13.18
2016-10-14 12:41:05,,23.94,21.47,18.57,15.86,15.05,14.7,14.0,13.38,13.13,12.98,12.6,12.75,12.61,13.18
2016-10-14 12:41:12,,23.94,21.47,18.57,15.86,15.05,14.82,14.0,13.56,13.13,13.05,12.6,12.75,12.61,13.18
2016-10-14 12:41:17,,23.94,21.47,18.57,15.86,15.05,14.73,14.0,13.56,13.13,12.93,12.6,12.75,12.61,13.18
2016-10-14 12:41:23,,23.94,21.47,18.57,15.86,15.12,14.73,14.0,13.46,13.05,12.93,12.6,12.62,12.61,13.18
2016-10-14 12:41:27,,23.94,21.47,18.57,15.86,15.05,14.73,14.0,13.53,13.07,13.06,12.6,12.55,12.61,13.18
2016-10-14 12:41:33,,23.94,21.47,18.57,15.66,15.05,14.68,14.13,13.58,13.01,12.9,12.69,12.61,12.65,13.18
2016-10-14 12:41:39,,23.94,21.47,18.57,15.86,14.99,14.68,13.97,13.58,13.01,12.96,12.6,12.48,12.7,13.24
2016-10-14 12:41:44,,23.94,21.47,18.39,15.86,14.99,14.77,13.97,13.47,13.11,12.84,12.6,12.41,12.74,13.31
2016-10-14 12:41:50,,23.94,21.47,18.39,15.86,14.99,14.77,13.97,13.47,13.12,12.96,12.6,12.54,12.74,13.31
2016-10-14 12:41:55,,23.94,21.47,18.39,15.86,14.99,14.72,13.97,13.47,13.12,12.96,12.6,12.66,12.74,13.31
2016-10-14 12:42:00,,23.94,21.47,18.39,15.86,14.99,14.86,13.97,13.47,13.05,12.96,12.6,12.54,12.74,13.31
2016-10-14 12:42:11,,23.94,21.21,18.39,15.86,14.85,14.83,14.07,13.59,13.14,12.96,12.6,12.52,12.36,13.31
2016-10-14 12:42:16,,23.94,21.21,18.39,15.86,14.85,14.93,14.07,13.59,13.14,12.85,12.51,12.52,12.36,13.03
2016-10-14 12:42:21,,23.94,21.21,18.39,15.86,14.85,14.83,14.22,13.69,13.05,12.96,12.43,12.52,12.36,13.03
2016-10-14 12:42:27,,23.94,21.21,18.39,15.86,14.85,14.79,14.07,13.69,13.05,12.96,12.52,12.52,12.4,13.03
2016-10-14 12:42:32,,23.94,21.21,18.39,15.86,14.85,14.79,14.07,13.62,13.05,12.96,12.51,12.59,12.36,13.03
2016-10-14 12:42:38,,23.94,21.21,18.39,15.86,14.85,14.79,14.07,13.51,13.05,12.96,12.6,12.52,12.36,13.03
2016-10-14 12:42:43,,23.94,21.21,18.57,15.86,14.78,14.79,14.07,13.51,13.05,12.96,12.6,12.52,12.42,12.97
2016-10-14 12:42:48,,23.94,21.21,18.39,15.86,14.78,14.79,14.07,13.51,13.05,12.85,12.6,12.52,12.42,13.03
2016-10-14 12:42:53,,23.94,21.21,18.39,15.86,14.78,14.79,14.07,13.51,13.05,12.73,12.6,12.52,12.42,13.03
2016-10-14 12:43:03,,23.94,21.21,18.39,15.86,14.78,14.83,14.07,13.51,13.05,12.85,12.6,12.52,12.46,13.03
2016-10-14 12:43:09,,23.94,21.21,18.39,15.86,14.78,14.79,14.07,13.4,13.05,12.85,12.6,12.65,12.46,13.03
2016-10-14 12:43:15,,23.94,21.21,18.39,15.86,14.85,14.79,14.13,13.51,12.97,12.85,12.6,12.52,12.46,13.03
2016-10-14 12:43:19,,23.94,21.21,18.39,15.56,14.85,14.83,14.13,13.51,13.05,12.96,12.69,12.65,12.5,13.03
2016-10-14 12:43:25,,23.94,21.21,18.39,15.56,14.85,14.79,14.13,13.51,12.97,12.85,12.69,12.52,12.5,13.03
2016-10-14 12:43:29,,23.94,21.21,18.39,15.56,14.71,14.79,14.13,13.4,12.97,12.85,12.69,12.65,12.46,13.03
2016-10-14 12:43:36,,23.94,21.21,18.39,15.95,14.78,14.79,14.07,13.44,13.12,12.96,12.69,12.65,12.42,13.03
2016-10-14 12:43:41,,23.94,21.21,18.39,15.84,14.78,14.79,13.94,13.44,13.12,12.84,12.52,12.52,12.42,13.03
2016-10-14 12:43:46,,23.94,21.21,18.39,15.84,14.78,14.83,13.94,13.36,13.12,12.84,12.52,12.52,12.42,13.03
2016-10-14 12:43:52,,23.94,21.21,18.39,15.84,14.78,14.79,13.94,13.36,13.12,12.84,12.6,12.59,12.42,13.03
2016-10-14 12:43:58,,23.94,21.21,18.39,15.84,14.78,14.79,13.94,13.36,13.12,12.84,12.52,12.59,12.38,13.03
2016-10-14 12:44:03,,23.94,21.21,18.39,15.84,14.78,14.79,13.94,13.36,13.03,12.84,12.6,12.59,12.38,12.97
2016-10-14 12:44:14,,23.94,21.21,18.39,15.84,14.78,14.83,13.94,13.44,13.05,12.96,12.6,12.59,12.38,12.97
2016-10-14 12:44:19,,23.94,21.21,18.39,15.84,14.78,14.83,13.94,13.44,13.11,12.84,12.6,12.59,12.38,12.97
2016-10-14 12:44:26,,23.94,21.21,18.39,15.95,14.64,14.83,13.94,13.55,13.11,12.84,12.6,12.47,12.38,12.97
2016-10-14 12:44:31,,23.94,21.21,18.39,15.95,14.64,14.83,13.94,13.47,13.03,12.84,12.52,12.59,12.38,12.97
2016-10-14 12:44:35,,23.94,21.21,18.39,15.95,14.64,14.83,14.1,13.47,13.11,12.84,12.52,12.59,12.34,12.97
2016-10-14 12:44:38,,23.94,21.21,18.39,15.95,14.64,14.83,14.1,13.36,13.03,12.84,12.6,12.59,12.38,12.97
2016-10-14 12:44:47,,23.94,21.21,18.39,15.95,14.64,14.83,14.1,13.36,13.11,12.78,12.6,12.66,12.34,12.97
2016-10-14 12:44:53,,23.94,21.21,18.39,15.95,14.64,14.83,14.1,13.36,13.03,12.84,12.6,12.54,12.34,12.97
2016-10-14 12:44:58,,23.94,21.21,18.59,15.95,14.85,14.79,14.1,13.36,13.11,12.83,12.6,12.54,12.34,12.97
2016-10-14 12:45:04,,23.94,21.21,18.59,15.95,14.85,14.79,14.1,13.47,13.11,12.9,12.6,12.47,12.38,12.97
2016-10-14 12:45:09,,23.94,21.21,18.59,15.95,14.85,14.79,14.1,13.47,13.11,12.78,12.52,12.59,12.55,12.97
2016-10-14 12:45:13,,23.94,21.21,18.59,15.95,14.85,14.79,14.1,13.47,13.03,12.84,12.52,12.59,12.55,12.97
2016-10-14 12:45:21,,23.94,21.47,18.59,15.95,14.85,14.79,13.94,13.47,13.03,12.96,12.52,12.59,12.55,12.97
2016-10-14 12:45:24,,23.94,21.47,18.59,15.95,14.85,14.83,13.94,13.55,13.12,12.84,12.52,12.59,12.55,13.02
2016-10-14 12:45:29,,23.94,21.47,18.59,15.95,14.85,14.83,13.88,13.44,13.12,12.84,12.52,12.59,12.55,13.02
2016-10-14 12:45:37,,23.94,21.47,18.59,15.95,14.85,14.83,13.88,13.44,13.12,12.84,12.52,12.59,12.55,13.02
2016-10-14 12:45:37,,23.94,21.47,18.59,15.95,14.85,14.83,13.88,13.44,13.12,12.84,12.52,12.59,12.55,13.02
2016-10-14 12:45:37,,23.94,21.47,18.59,15.95,14.85,14.83,13.88,13.44,13.12,12.84,12.52,12.59,12.55,13.02
2016-10-14 12:45:37,,23.94,21.47,18.59,15.95,14.85,14.83,13.88,13.44,13.12,12.84,12.52,12.59,12.55,13.02
2016-10-14 12:45:37,,23.94,21.47,18.59,15.95,14.85,14.83,13.88,13.44,13.12,12.84,12.52,12.59,12.55,13.02
2016-10-14 12:45:37,,23.94,21.47,18.59,15.95,14.85,14.83,13.88,13.44,13.12,12.84,12.52,12.59,12.55,13.02
2016-10-14 12:46:09,,23.94,21.47,18.59,15.95,14.85,14.69,13.88,13.44,12.95,12.96,12.6,12.59,12.55,13.02
2016-10-14 12:46:15,,23.94,21.47,18.59,15.95,14.85,14.69,13.88,13.44,13.03,12.84,12.6,12.59,12.55,13.02
2016-10-14 12:46:22,,23.94,21.47,18.59,16.06,14.85,14.79,13.88,13.55,13.03,12.84,12.6,12.59,12.55,13.02
2016-10-14 12:46:27,,23.94,21.47,18.59,16.16,14.85,14.74,13.88,13.44,13.03,12.96,12.6,12.59,12.55,13.02
2016-10-14 12:46:32,,23.94,21.47,18.59,15.95,14.85,14.74,13.88,13.44,13.03,12.96,12.6,12.59,12.55,13.02
2016-10-14 12:46:41,,23.94,21.47,18.59,15.95,14.64,14.74,13.88,13.44,13.03,12.96,12.6,12.59,12.59,13.02
2016-10-14 12:46:45,,23.94,21.47,18.59,15.95,14.64,14.74,13.88,13.44,13.03,12.96,12.69,12.59,12.59,13.02
2016-10-14 12:46:53,,23.94,21.47,18.59,15.95,14.64,14.74,13.88,13.44,13.03,12.96,12.69,12.66,12.59,13.02
2016-10-14 12:46:56,,23.94,21.47,18.59,15.95,14.64,14.74,13.88,13.44,13.03,12.96,12.69,12.66,12.59,13.02
2016-10-14 12:47:03,,23.94,21.47,18.59,15.95,14.64,14.83,13.88,13.55,13.03,12.96,12.69,12.61,12.59,13.02
2016-10-14 12:47:08,,23.94,21.47,18.59,15.95,14.64,14.83,13.88,13.47,13.11,12.96,12.69,12.73,12.59,13.02
2016-10-14 12:47:15,,23.94,21.47,18.59,15.95,14.64,14.83,13.88,13.47,13.11,12.96,12.6,12.73,12.59,13.02
2016-10-14 12:47:20,,23.94,21.47,18.59,15.95,14.85,14.83,13.88,13.47,13.11,12.96,12.69,12.73,12.63,13.02
2016-10-14 12:47:27,,23.94,21.47,18.59,15.95,14.71,14.79,13.88,13.47,13.11,12.9,12.69,12.73,12.63,13.02
2016-10-14 12:47:37,,23.94,21.47,18.76,15.95,14.71,14.79,13.88,13.36,13.11,12.9,12.69,12.73,12.63,13.02
2016-10-14 12:47:42,,23.94,21.47,18.76,15.95,14.71,14.79,13.88,13.36,13.11,12.96,12.69,12.73,12.58,13.02
2016-10-14 12:47:46,,23.94,21.47,18.59,15.95,14.71,14.79,13.88,13.36,13.11,12.9,12.6,12.73,12.58,13.02
2016-10-14 12:47:54,,23.94,21.47,18.59,15.95,14.71,14.79,13.88,13.47,13.11,12.9,12.69,12.73,12.58,13.02
2016-10-14 12:47:58,,24.89,22.32,19.32,16.58,15.29,15.37,14.59,13.92,13.62,13.39,13.17,13.2,13.02,13.45
2016-10-14 12:48:04,,24.89,22.32,19.32,16.58,15.36,15.37,14.59,14.07,13.62,13.27,13.08,13.07,13.02,13.45
2016-10-14 12:48:09,,24.89,22.32,19.32,16.58,15.36,15.37,14.59,14.07,13.62,13.34,13.08,13.07,13.02,13.45
2016-10-14 12:48:17,,24.89,22.32,19.32,16.58,15.36,15.37,14.42,14.07,13.62,13.34,12.99,13.2,12.98,13.51
2016-10-14 12:48:19,,24.89,22.32,19.32,16.58,15.36,15.37,14.42,14.07,13.62,13.34,13.17,13.2,12.98,13.51
2016-10-14 12:48:27,,24.89,22.32,19.32,16.58,15.36,15.37,14.42,14.07,13.62,13.34,13.17,13.2,12.98,13.51
2016-10-14 12:48:33,,24.89,22.32,19.32,16.58,15.36,15.37,14.42,14.07,13.62,13.34,13.08,13.2,12.98,13.51
2016-10-14 12:48:33,,24.89,22.32,19.32,16.58,15.36,15.37,14.42,14.07,13.62,13.34,13.08,13.2,12.98,13.51
2016-10-14 12:48:48,,24.89,22.32,19.32,16.58,15.36,15.37,14.42,14.07,13.62,13.27,13.17,13.2,12.98,13.51
2016-10-14 12:48:55,,24.89,22.32,19.32,16.58,15.36,15.37,14.42,14.07,13.62,13.34,13.17,13.2,12.89,13.51
2016-10-14 12:49:01,,24.89,22.32,19.32,16.58,15.36,15.37,14.42,14.0,13.62,13.39,13.17,13.07,12.89,13.51
2016-10-14 12:49:07,,24.89,22.32,19.32,16.58,15.36,15.37,14.59,13.88,13.62,13.39,13.17,13.2,12.89,13.51
2016-10-14 12:49:10,,24.89,22.32,19.5,16.58,15.36,15.37,14.59,13.88,13.62,13.39,13.08,13.2,12.95,13.51
2016-10-14 12:49:18,,24.89,22.32,19.5,16.58,15.36,15.37,14.59,13.81,13.62,13.39,13.08,13.13,12.95,13.51
2016-10-14 12:49:20,,24.89,22.32,19.5,16.58,15.36,15.37,14.59,13.81,13.62,13.39,13.08,13.13,12.95,13.58
2016-10-14 12:49:27,,24.89,22.32,19.5,16.58,15.36,15.41,14.59,13.88,13.62,13.45,13.08,13.13,12.95,13.58
2016-10-14 12:49:34,,24.89,22.32,19.5,16.69,15.36,15.41,14.59,13.88,13.62,13.45,13.08,13.13,12.95,13.51
2016-10-14 12:49:38,,24.89,22.32,19.5,16.69,15.36,15.41,14.59,13.88,13.62,13.45,13.08,13.13,12.95,13.51
2016-10-14 12:49:44,,24.89,22.32,19.5,16.69,15.36,15.41,14.59,13.88,13.62,13.45,13.08,13.0,12.95,13.51
2016-10-14 12:49:49,,24.89,22.32,19.5,16.69,15.36,15.41,14.59,14.0,13.62,13.45,13.08,13.13,13.04,13.58
2016-10-14 12:49:56,,24.89,22.32,19.5,16.69,15.36,15.41,14.59,14.0,13.62,13.45,13.08,13.13,13.04,13.58
2016-10-14 12:50:00,,24.89,22.32,19.5,16.69,15.36,15.41,14.42,14.0,13.62,13.45,13.08,13.0,13.04,13.58
2016-10-14 12:50:03,,24.89,22.32,19.5,16.69,15.36,15.41,14.42,14.0,13.62,13.45,13.17,13.13,13.04,13.58
2016-10-14 12:50:16,,24.89,22.32,19.5,16.69,15.36,15.41,14.59,14.0,13.62,13.45,13.26,13.13,13.04,13.58
2016-10-14 12:50:22,,24.89,22.32,19.5,16.69,15.43,15.41,14.59,14.0,13.7,13.39,13.17,13.0,13.04,13.58
2016-10-14 12:50:28,,24.89,22.32,19.5,16.69,15.43,15.41,14.59,14.0,13.6,13.39,13.26,13.13,13.04,13.51
2016-10-14 12:50:33,28.21,24.89,22.32,19.5,16.69,15.43,15.41,14.59,14.0,13.7,13.39,13.26,13.0,13.04,13.51
2016-10-14 12:50:40,28.21,24.89,22.32,19.5,16.69,15.43,15.41,14.59,14.0,13.62,13.39,13.17,13.13,13.04,13.51
2016-10-14 12:50:45,28.21,24.89,22.32,19.5,16.69,15.43,15.41,14.59,14.0,13.62,13.39,13.17,13.13,13.04,13.58
2016-10-14 12:50:49,28.21,24.89,22.32,19.5,16.69,15.43,15.41,14.59,14.0,13.62,13.39,13.17,13.13,13.04,13.58
2016-10-14 12:50:54,28.21,24.89,22.32,19.5,16.69,15.43,15.41,14.59,14.0,13.7,13.39,13.26,13.13,13.04,13.58
2016-10-14 12:51:01,28.21,24.89,22.32,19.5,16.69,15.43,15.46,14.59,14.11,13.7,13.39,13.26,13.13,13.04,13.58
2016-10-14 12:51:07,28.21,24.89,22.32,19.5,16.58,15.36,15.41,14.59,14.11,13.6,13.39,13.17,13.13,13.04,13.58
2016-10-14 12:51:13,28.21,24.89,22.32,19.5,16.58,15.36,15.41,14.59,14.11,13.6,13.39,13.17,13.13,13.04,13.58
2016-10-14 12:51:17,28.21,24.89,22.32,19.5,16.58,15.36,15.41,14.59,14.11,13.52,13.39,13.17,13.13,13.04,13.58
2016-10-14 12:51:24,28.21,24.89,22.32,19.5,16.58,15.36,15.37,14.59,14.0,13.6,13.39,13.17,13.0,13.04,13.61
2016-10-14 12:51:28,28.21,24.89,22.32,19.5,16.58,15.36,15.37,14.59,14.11,13.6,13.39,13.08,13.0,13.04,13.68
2016-10-14 12:51:33,28.21,24.89,22.32,19.32,16.58,15.36,15.37,14.59,14.0,13.6,13.39,13.08,13.13,13.04,13.68
2016-10-14 12:51:41,28.21,24.89,22.32,19.32,16.58,15.36,15.37,14.59,13.92,13.52,13.39,13.08,13.13,13.04,13.68
2016-10-14 12:51:46,28.21,24.89,22.32,19.32,16.47,15.36,15.37,14.59,13.92,13.52,13.39,13.08,13.13,13.04,13.68
2016-10-14 12:51:53,28.21,24.89,22.32,19.32,16.47,15.36,15.37,14.59,13.92,13.52,13.39,13.17,13.13,13.04,13.68
2016-10-14 12:51:59,28.21,24.89,22.32,19.32,16.47,15.36,15.37,14.59,13.92,13.52,13.39,13.17,13.13,13.04,13.68
2016-10-14 12:52:04,28.21,24.89,22.32,19.32,16.47,15.36,15.37,14.59,13.92,13.52,13.39,13.17,13.13,13.04,13.55
2016-10-14 12:52:11,28.21,24.89,22.32,19.32,16.47,15.36,15.37,14.59,13.92,13.52,13.39,13.17,13.13,13.04,13.68
2016-10-14 12:52:20,28.21,24.89,22.32,19.32,16.47,15.36,15.37,14.59,13.92,13.52,13.33,13.17,13.13,13.04,13.68
2016-10-14 12:52:20,28.21,24.89,22.32,19.32,16.47,15.36,15.37,14.59,13.92,13.52,13.33,13.17,13.13,13.04,13.68
2016-10-14 12:52:32,28.21,24.89,22.32,19.32,16.47,15.36,15.37,14.59,14.03,13.52,13.33,13.26,13.13,13.04,13.68
2016-10-14 12:52:33,28.21,24.89,22.32,19.32,16.47,15.36,15.41,14.59,13.92,13.62,13.33,13.26,13.13,13.04,13.68
2016-10-14 12:52:41,28.21,24.89,22.32,19.32,16.47,15.36,15.41,14.59,14.03,13.62,13.33,13.26,13.0,13.04,13.61
2016-10-14 12:52:49,28.21,24.89,22.32,19.32,16.47,15.36,15.41,14.59,14.03,13.62,13.51,13.26,13.13,13.04,13.61
2016-10-14 12:52:54,28.21,24.89,22.32,19.5,16.47,15.36,15.41,14.59,14.03,13.62,13.44,13.26,13.13,13.04,13.61
2016-10-14 12:53:01,28.21,24.89,22.32,19.5,16.47,15.36,15.41,14.59,13.92,13.62,13.44,13.26,13.14,13.04,13.55
2016-10-14 12:53:04,28.21,24.89,22.32,19.5,16.47,15.36,15.41,14.59,13.92,13.6,13.44,13.26,13.28,13.04,13.55
2016-10-14 12:53:12,28.21,24.89,22.32,19.5,16.47,15.36,15.32,14.59,13.92,13.6,13.44,13.26,13.28,13.08,13.55
2016-10-14 12:53:17,28.21,24.89,22.32,19.5,16.47,15.36,15.32,14.59,13.92,13.6,13.33,13.26,13.28,13.08,13.55
2016-10-14 12:53:20,28.21,24.89,22.32,19.5,16.47,15.43,15.32,14.59,13.92,13.5,13.33,13.26,13.28,13.08,13.61
2016-10-14 12:53:28,28.21,24.89,22.32,19.32,16.35,15.43,15.32,14.59,14.03,13.5,13.33,13.26,13.28,13.08,13.61
2016-10-14 12:53:32,28.21,24.89,22.32,19.32,16.35,15.43,15.37,14.59,14.03,13.5,13.33,13.17,13.14,13.08,13.61
2016-10-14 12:53:39,28.21,24.89,22.32,19.32,16.38,15.43,15.37,14.75,14.03,13.5,13.33,13.17,13.28,13.08,13.55
2016-10-14 12:53:43,28.21,24.89,22.32,19.32,16.38,15.43,15.37,14.75,14.03,13.5,13.33,13.26,13.14,13.04,13.55
2016-10-14 12:53:50,28.21,24.89,22.32,19.32,16.38,15.43,15.37,14.75,14.03,13.5,13.33,13.26,13.14,13.04,13.48
2016-10-14 12:53:56,28.21,24.89,22.32,19.32,16.38,15.43,15.37,14.75,14.03,13.5,13.33,13.26,13.28,13.04,13.48
2016-10-14 12:54:02,28.21,24.89,22.32,19.32,16.38,15.43,15.37,14.75,14.03,13.5,13.51,13.26,13.01,13.04,13.48
2016-10-14 12:54:02,28.21,24.89,22.32,19.32,16.38,15.43,15.37,14.75,14.03,13.5,13.51,13.26,13.28,13.04,13.48
2016-10-14 12:54:11,28.21,24.89,22.32,19.32,16.38,15.43,15.37,14.75,14.03,13.5,13.51,13.26,13.28,13.04,13.48
2016-10-14 12:54:18,28.21,24.89,22.32,19.32,16.38,15.43,15.37,14.75,14.03,13.5,13.44,13.26,13.14,13.04,13.61
2016-10-14 12:54:22,28.21,24.89,22.32,19.5,16.38,15.43,15.37,14.75,14.03,13.6,13.44,13.26,13.14,13.04,13.61
2016-10-14 12:54:22,28.21,24.89,22.32,19.5,16.38,15.43,15.37,14.75,14.03,13.6,13.44,13.26,13.14,13.04,13.48
2016-10-14 12:54:32,28.21,24.89,22.32,19.5,16.38,15.43,15.37,14.75,14.03,13.6,13.44,13.26,13.14,12.95,13.48
2016-10-14 12:54:43,28.21,24.43,22.32,19.5,16.38,15.43,15.14,14.75,14.03,13.6,13.44,13.26,13.14,13.0,13.48
2016-10-14 12:54:50,28.21,24.43,22.32,19.5,16.38,15.43,15.14,14.75,14.03,13.6,13.44,13.26,13.01,13.0,13.48
2016-10-14 12:54:55,28.21,24.43,22.32,19.5,16.38,15.43,15.14,14.75,14.03,13.6,13.44,13.26,13.08,12.95,13.48
2016-10-14 12:55:00,28.21,24.43,22.32,19.5,16.38,15.43,15.14,14.75,14.03,13.68,13.38,13.26,13.22,12.95,13.48
2016-10-14 12:55:06,28.21,24.43,22.32,19.5,16.38,15.43,15.14,14.75,14.14,13.68,13.44,13.26,13.22,12.95,13.48
2016-10-14 12:55:09,28.21,24.43,22.32,19.5,16.38,15.43,15.14,14.75,14.03,13.68,13.33,13.17,13.22,12.95,13.48
2016-10-14 12:55:15,28.21,24.43,22.32,19.32,16.38,15.43,15.14,14.59,14.03,13.68,13.33,13.17,13.22,12.95,13.48
2016-10-14 12:55:19,28.21,24.43,22.32,19.32,16.26,15.43,15.23,14.59,14.03,13.68,13.33,13.17,13.22,12.95,13.48
2016-10-14 12:55:26,28.21,24.43,22.32,19.32,16.26,15.43,15.23,14.59,14.03,13.68,13.38,13.17,13.08,12.95,13.48
2016-10-14 12:55:30,28.21,24.43,22.32,19.32,16.26,15.43,15.23,14.59,14.14,13.68,13.38,13.17,13.08,12.95,13.48
2016-10-14 12:55:42,28.21,24.43,22.32,19.32,16.26,15.43,15.23,14.75,14.14,13.68,13.33,13.17,13.08,13.07,13.48
2016-10-14 12:55:42,28.21,24.43,22.32,19.32,16.26,15.43,15.23,14.75,14.14,13.68,13.26,13.17,13.35,13.07,13.48
2016-10-14 12:55:53,28.21,24.43,22.32,19.32,16.26,15.43,15.23,14.75,14.14,13.68,13.26,13.17,13.35,13.07,13.48
2016-10-14 12:55:57,28.21,24.43,22.32,19.32,16.26,15.43,15.23,14.75,14.14,13.68,13.33,13.17,13.35,13.07,13.48
2016-10-14 12:56:03,28.21,24.43,22.32,19.32,16.26,15.43,15.23,14.75,14.14,13.68,13.26,13.17,13.22,13.07,13.48
2016-10-14 12:56:09,28.21,24.43,22.32,19.32,16.26,15.43,15.23,14.75,14.14,13.68,13.38,13.17,13.07,13.07,13.48
2016-10-14 12:56:15,28.21,24.43,22.32,19.32,16.38,15.43,15.23,14.75,14.06,13.58,13.32,13.17,13.07,13.07,13.48
2016-10-14 12:56:20,28.21,24.43,22.32,19.32,16.38,15.43,15.28,14.75,14.06,13.58,13.32,13.26,13.07,13.07,13.48
2016-10-14 12:56:25,28.21,24.43,22.32,19.32,16.38,15.43,15.28,14.75,14.06,13.58,13.32,13.35,13.07,13.11,13.48
2016-10-14 12:56:36,28.21,24.43,22.32,19.5,16.38,15.43,15.28,14.75,14.06,13.58,13.32,13.35,13.07,13.11,13.48
2016-10-14 12:56:41,28.21,24.43,22.32,19.5,16.49,15.43,15.28,14.75,14.06,13.58,13.32,13.35,12.94,13.11,13.48
2016-10-14 12:56:47,28.21,24.43,22.32,19.5,16.38,15.43,15.28,14.75,13.95,13.58,13.5,13.26,13.2,13.11,13.48
2016-10-14 12:56:51,28.21,24.43,22.32,19.5,16.38,15.43,15.28,14.75,14.06,13.58,13.5,13.26,13.07,13.15,13.48
2016-10-14 12:56:58,28.21,24.43,22.32,19.46,16.38,15.5,15.28,14.55,14.06,13.48,13.5,13.17,13.22,13.07,13.48
2016-10-14 12:57:03,28.21,24.43,22.32,19.46,16.38,15.5,15.28,14.55,14.06,13.56,13.43,13.17,13.22,13.07,13.48
2016-10-14 12:57:09,28.21,24.43,22.32,19.46,16.38,15.5,15.28,14.55,13.98,13.56,13.5,13.17,13.22,13.07,13.48
2016-10-14 12:57:13,28.21,24.43,22.32,19.46,16.38,15.5,15.17,14.55,13.98,13.56,13.43,13.17,13.22,13.07,13.48
2016-10-14 12:57:17,28.21,24.43,22.32,19.46,16.38,15.5,15.17,14.55,14.09,13.56,13.43,13.17,13.22,13.07,13.48
2016-10-14 12:57:22,28.21,24.43,22.32,19.46,16.38,15.5,15.21,14.55,14.09,13.56,13.55,13.17,13.22,13.07,13.48
2016-10-14 12:57:22,28.21,24.43,22.32,19.46,16.38,15.5,15.21,14.55,14.09,13.56,13.55,13.17,13.22,13.15,13.48
2016-10-14 12:57:41,28.21,24.43,22.32,19.46,16.38,15.5,15.21,14.55,14.09,13.56,13.5,13.26,13.22,13.15,13.48
2016-10-14 12:57:46,28.21,24.43,22.32,19.46,16.38,15.5,15.21,14.55,14.09,13.66,13.5,13.26,13.22,13.15,13.48
2016-10-14 12:57:50,28.21,24.43,22.32,19.46,16.38,15.5,15.21,14.55,14.09,13.66,13.5,13.26,13.22,13.15,13.48
2016-10-14 12:57:57,28.21,24.43,22.32,19.46,16.38,15.5,15.21,14.55,13.98,13.66,13.5,13.26,13.22,13.15,13.48
2016-10-14 12:58:01,28.21,24.43,22.32,19.46,16.49,15.57,15.21,14.55,13.98,13.66,13.5,13.26,13.22,13.15,13.48
2016-10-14 12:58:01,28.21,24.43,22.32,19.46,16.49,15.57,15.21,14.55,13.98,13.66,13.5,13.26,13.22,13.07,13.48
2016-10-14 12:58:13,28.21,24.43,22.32,19.46,16.4,15.57,15.21,14.55,13.98,13.66,13.5,13.26,13.22,13.07,13.48
2016-10-14 12:58:18,28.21,24.43,22.32,19.46,16.4,15.57,15.21,14.55,13.98,13.66,13.5,13.26,13.22,13.07,13.48
2016-10-14 12:58:23,28.21,24.43,22.32,19.46,16.4,15.57,15.21,14.55,14.09,13.73,13.5,13.26,13.22,13.07,13.48
2016-10-14 12:58:33,28.21,24.43,22.32,19.46,16.29,15.57,15.21,14.55,14.09,13.73,13.55,13.26,13.22,13.07,13.48
2016-10-14 12:58:33,28.21,24.43,22.32,19.46,16.29,15.57,15.21,14.55,14.09,13.73,13.55,13.26,13.22,13.07,13.48
2016-10-14 12:58:43,28.21,24.43,22.32,19.46,16.29,15.57,15.21,14.55,14.09,13.73,13.43,13.26,13.22,13.07,13.48
2016-10-14 12:58:48,28.21,24.43,22.32,19.46,16.4,15.57,15.21,14.7,13.98,13.73,13.43,13.26,13.22,13.07,13.55
2016-10-14 12:58:55,28.21,24.43,22.32,19.46,16.35,15.57,15.21,14.7,13.98,13.73,13.43,13.26,13.08,13.07,13.55
2016-10-14 12:58:59,28.21,24.43,22.32,19.46,16.35,15.57,15.21,14.7,13.98,13.64,13.37,13.17,13.08,13.03,13.48
2016-10-14 12:59:05,28.21,24.43,22.32,19.46,16.35,15.57,15.26,14.7,13.98,13.73,13.55,13.26,13.08,13.03,13.48
2016-10-14 12:59:08,28.21,24.43,22.32,19.46,16.35,15.57,15.26,14.7,13.98,13.64,13.55,13.26,13.08,13.03,13.48
2016-10-14 12:59:17,28.21,24.43,22.32,19.46,16.35,15.57,15.26,14.7,13.98,13.64,13.55,13.26,13.22,13.03,13.48
2016-10-14 12:59:27,28.21,24.43,22.32,19.46,16.35,15.57,15.21,14.7,13.98,13.64,13.55,13.26,13.22,13.03,13.48
2016-10-14 12:59:29,28.21,24.43,22.32,19.46,16.35,15.57,15.21,14.7,13.98,13.64,13.55,13.26,13.22,13.03,13.48
2016-10-14 12:59:38,28.21,24.43,22.32,19.46,16.35,15.57,15.31,14.7,13.98,13.71,13.48,13.26,13.36,13.03,13.48
2016-10-14 12:59:42,28.21,24.43,22.32,19.46,16.26,15.64,15.31,14.7,13.9,13.71,13.48,13.26,13.36,12.98,13.48
2016-10-14 12:59:48,28.21,24.43,22.32,19.46,16.26,15.64,15.31,14.57,14.04,13.79,13.46,13.34,13.29,12.98,13.48
2016-10-14 12:59:52,28.21,24.43,22.32,19.46,16.26,15.64,15.4,14.57,14.04,13.79,13.53,13.25,13.29,12.98,13.48
2016-10-14 12:59:56,28.21,24.43,22.32,19.46,16.26,15.64,15.4,14.57,14.04,13.79,13.53,13.25,13.29,12.98,13.41
2016-10-14 13:00:10,28.21,24.43,22.32,19.46,16.22,15.64,15.31,14.72,14.04,13.69,13.53,13.25,13.15,12.85,13.48
2016-10-14 13:00:16,28.21,24.43,22.32,19.46,16.22,15.64,15.44,14.72,14.04,13.69,13.53,13.16,13.15,12.9,13.48
2016-10-14 13:00:21,28.21,24.43,22.32,19.46,16.22,15.64,15.44,14.72,14.14,13.69,13.46,13.16,13.29,13.13,13.41
2016-10-14 13:00:26,28.21,24.43,22.32,19.46,16.22,15.64,15.44,14.72,14.04,13.69,13.46,13.07,13.29,13.17,13.41
2016-10-14 13:00:31,28.21,24.43,22.32,19.46,16.22,15.64,15.4,14.72,14.04,13.69,13.35,13.07,13.15,13.17,13.41
2016-10-14 13:00:36,28.21,24.43,22.32,19.46,16.22,15.64,15.4,14.57,14.04,13.69,13.53,13.07,13.29,13.17,13.41
2016-10-14 13:00:47,28.21,24.43,22.32,19.46,16.22,15.64,15.4,14.72,14.04,13.69,13.46,13.16,13.15,13.17,13.41
2016-10-14 13:00:54,28.21,24.43,22.32,19.46,16.33,15.64,15.4,14.72,14.04,13.69,13.46,13.16,13.15,13.17,13.41
2016-10-14 13:01:00,28.21,24.43,22.32,19.46,16.33,15.64,15.4,14.72,14.12,13.61,13.53,13.16,13.29,13.13,13.41
2016-10-14 13:01:06,28.21,24.43,22.32,19.46,16.33,15.64,15.4,14.72,14.12,13.61,13.42,13.16,13.29,13.13,13.41
2016-10-14 13:01:11,28.21,24.43,22.32,19.46,16.33,15.64,15.4,14.57,14.12,13.61,13.42,13.16,13.29,13.13,13.41
2016-10-14 13:01:15,28.21,24.43,22.32,19.46,16.33,15.64,15.44,14.57,14.12,13.61,13.48,13.16,13.22,13.17,13.41
2016-10-14 13:01:22,28.21,24.43,22.32,19.46,16.33,15.64,15.4,14.57,14.12,13.71,13.48,13.16,13.09,13.17,13.41
2016-10-14 13:01:28,28.21,24.43,22.32,19.46,16.33,15.64,15.4,14.57,14.12,13.79,13.48,13.16,13.22,13.17,13.41
2016-10-14 13:01:30,28.21,24.43,22.32,19.46,16.33,15.64,15.4,14.57,14.12,13.79,13.48,13.16,13.22,13.22,13.41
2016-10-14 13:01:39,28.21,24.43,22.32,19.46,16.33,15.64,15.4,14.57,14.12,13.71,13.48,13.16,13.22,13.22,13.41
2016-10-14 13:01:45,28.21,24.43,22.32,19.46,16.33,15.64,15.4,14.57,14.01,13.71,13.48,13.16,13.22,13.22,13.41
2016-10-14 13:01:48,28.21,24.43,22.32,19.46,16.33,15.64,15.4,14.57,14.2,13.71,13.48,13.26,13.22,13.26,13.41
2016-10-14 13:01:48,28.21,24.43,22.32,19.46,16.33,15.64,15.4,14.57,14.2,13.71,13.48,13.26,13.22,13.26,13.41
2016-10-14 13:02:07,28.21,24.43,22.32,19.46,16.22,15.64,15.21,14.57,14.09,13.71,13.55,13.17,13.22,13.2,13.48
2016-10-14 13:02:10,28.21,24.43,22.32,19.46,16.22,15.64,15.21,14.57,14.09,13.64,13.55,13.17,13.15,13.16,13.48
2016-10-14 13:02:15,28.21,24.43,22.32,19.46,16.22,15.64,15.21,14.42,14.09,13.64,13.55,13.08,13.15,13.16,13.48
2016-10-14 13:02:22,28.21,24.43,22.32,19.46,16.22,15.64,15.21,14.42,14.09,13.71,13.55,13.26,13.15,13.16,13.48
2016-10-14 13:02:27,28.21,24.43,22.32,19.46,16.22,15.64,15.21,14.42,14.17,13.64,13.55,13.17,13.29,13.16,13.48
2016-10-14 13:02:33,28.21,24.43,22.32,19.46,16.22,15.64,15.21,14.42,14.17,13.64,13.48,13.17,13.15,13.16,13.48
2016-10-14 13:02:37,28.21,24.43,22.32,19.46,16.22,15.64,15.21,14.42,14.17,13.64,13.48,13.17,13.29,13.16,13.48
2016-10-14 13:02:37,28.21,24.43,22.32,19.46,16.22,15.64,15.21,14.42,14.17,13.64,13.48,13.08,13.29,13.16,13.41
2016-10-14 13:02:47,28.21,24.43,22.32,19.46,16.22,15.64,15.21,14.42,14.17,13.64,13.48,13.08,13.29,13.16,13.48
2016-10-14 13:02:47,28.21,24.43,22.32,19.46,16.22,15.64,15.21,14.42,14.17,13.64,13.48,13.08,13.29,13.16,13.48
2016-10-14 13:02:56,28.21,24.43,22.32,19.46,16.22,15.64,15.21,14.42,14.17,13.64,13.48,13.17,13.29,13.16,13.48
2016-10-14 13:03:12,28.21,24.43,22.05,19.46,16.22,15.64,15.21,14.42,14.17,13.64,13.48,13.17,13.29,13.16,13.48
2016-10-14 13:03:16,28.21,24.43,22.05,19.46,16.22,15.64,15.21,14.57,14.17,13.64,13.48,13.08,13.29,13.16,13.48
2016-10-14 13:03:23,28.21,24.43,22.05,19.28,16.22,15.64,15.21,14.42,14.17,13.64,13.55,13.17,13.29,13.16,13.48
2016-10-14 13:03:23,28.21,24.43,22.05,19.28,16.22,15.64,15.21,14.42,14.17,13.64,13.55,13.17,13.29,13.16,13.48
2016-10-14 13:03:27,28.21,24.43,22.05,19.28,16.22,15.64,15.21,14.57,14.09,13.66,13.43,13.17,13.29,13.16,13.48
2016-10-14 13:03:40,28.21,24.43,22.05,19.28,16.22,15.64,15.21,14.57,14.09,13.66,13.43,13.17,13.29,13.16,13.48
2016-10-14 13:03:42,28.21,24.43,22.05,19.28,16.22,15.64,15.21,14.57,14.09,13.66,13.43,13.17,13.15,13.11,13.48
2016-10-14 13:03:48,28.21,24.43,22.05,19.28,16.22,15.64,15.21,14.57,14.09,13.66,13.5,13.08,13.15,13.2,13.48
2016-10-14 13:03:48,28.21,24.43,22.05,19.28,16.22,15.64,15.21,14.57,14.09,13.66,13.43,13.08,13.15,13.11,13.48
2016-10-14 13:04:01,28.21,24.43,22.05,19.28,16.22,15.64,15.21,14.57,14.09,13.73,13.43,13.17,13.15,13.11,13.48
2016-10-14 13:04:07,,24.43,22.05,19.28,16.22,15.64,15.21,14.57,14.09,13.64,13.43,13.26,13.15,13.14,13.48
2016-10-14 13:04:13,,24.43,22.05,19.28,16.22,15.64,15.21,14.57,14.09,13.71,13.55,13.17,13.02,13.14,13.48
2016-10-14 13:04:17,,24.43,22.05,19.28,16.22,15.64,15.21,14.57,14.09,13.71,13.55,13.17,13.15,13.14,13.48
2016-10-14 13:04:26,,24.43,22.05,19.28,16.22,15.64,15.21,14.57,14.09,13.71,13.55,13.17,13.15,13.14,13.48
2016-10-14 13:04:35,,24.43,22.32,19.46,16.22,15.64,15.35,14.57,14.09,13.71,13.55,13.17,13.02,13.14,13.48
2016-10-14 13:04:40,,24.43,22.32,19.46,16.22,15.64,15.35,14.57,14.09,13.71,13.55,13.17,13.15,13.26,13.41
2016-10-14 13:04:42,,24.43,22.05,19.46,16.22,15.64,15.35,14.57,14.09,13.71,13.55,13.17,13.15,13.26,13.41
2016-10-14 13:04:51,,24.43,22.05,19.28,16.33,15.64,15.35,14.57,14.09,13.71,13.55,13.17,13.15,13.22,13.41
2016-10-14 13:04:55,,24.43,22.05,19.46,16.22,15.71,15.35,14.57,14.09,13.71,13.55,13.17,13.15,13.26,13.41
2016-10-14 13:04:55,,24.43,22.05,19.46,16.22,15.71,15.35,14.57,14.09,13.71,13.55,13.17,13.02,13.26,13.41
2016-10-14 13:05:05,,24.43,22.05,19.46,16.22,15.71,15.35,14.57,14.09,13.71,13.55,13.17,13.15,13.17,13.41
2016-10-14 13:05:12,,24.43,21.77,19.46,16.22,15.71,15.35,14.57,14.09,13.71,13.55,13.17,13.08,13.17,13.41
2016-10-14 13:05:18,,24.43,21.77,19.46,16.22,15.71,15.31,14.64,14.09,13.71,13.48,13.17,13.08,13.17,13.41
2016-10-14 13:05:22,,24.43,21.77,19.46,16.22,15.71,15.31,14.64,14.09,13.71,13.48,13.17,13.08,13.17,13.41
2016-10-14 13:05:28,,24.43,21.77,19.46,16.22,15.71,15.31,14.64,14.2,13.71,13.55,13.17,13.08,13.17,13.41
2016-10-14 13:05:36,,24.43,21.77,19.46,16.22,15.71,15.31,14.64,14.12,13.71,13.48,13.16,13.15,13.11,13.41
2016-10-14 13:05:47,,24.43,21.77,19.46,16.22,15.71,15.31,14.64,14.12,13.61,13.48,13.16,13.15,13.11,13.41
2016-10-14 13:05:52,,24.43,21.77,19.28,16.22,15.64,15.31,14.64,14.12,13.69,13.42,13.16,13.09,13.11,13.41
2016-10-14 13:05:57,,24.43,21.77,19.28,16.33,15.64,15.31,14.64,14.12,13.69,13.42,13.16,13.22,13.11,13.61
2016-10-14 13:06:03,,24.43,21.77,19.28,16.33,15.64,15.31,14.64,14.12,13.69,13.42,13.16,13.02,13.11,13.71
2016-10-14 13:06:08,,24.43,21.77,19.28,16.22,15.64,15.31,14.64,14.12,13.69,13.42,13.16,13.15,13.11,13.71
2016-10-14 13:06:11,,24.43,21.77,19.28,16.22,15.64,15.35,14.64,14.12,13.69,13.42,13.16,13.02,13.11,13.71
2016-10-14 13:06:18,,24.43,21.77,19.28,16.22,15.64,15.35,14.64,14.12,13.69,13.35,13.16,13.22,13.11,13.71
2016-10-14 13:06:25,,24.43,21.77,19.46,16.22,15.64,15.31,14.64,14.04,13.69,13.46,13.16,13.22,13.11,13.71
2016-10-14 13:06:30,,24.43,22.05,19.46,16.22,15.64,15.35,14.51,14.04,13.77,13.46,13.25,13.29,13.11,13.78
2016-10-14 13:06:30,,24.43,22.05,19.46,16.22,15.64,15.35,14.51,14.04,13.77,13.46,13.25,13.29,13.11,13.78
2016-10-14 13:06:39,,24.43,22.05,19.46,16.33,15.64,15.35,14.51,14.14,13.77,13.46,13.25,13.15,13.07,13.73
2016-10-14 13:06:45,,24.43,22.05,19.46,16.33,15.64,15.35,14.44,14.14,13.77,13.4,13.25,13.29,13.07,13.73
2016-10-14 13:06:51,,24.43,22.05,19.46,16.33,15.64,15.35,14.44,14.04,13.77,13.4,13.34,13.15,13.07,13.73
2016-10-14 13:06:57,,24.43,22.05,19.46,16.33,15.64,15.4,14.59,13.96,13.77,13.4,13.16,13.02,13.07,13.78
2016-10-14 13:07:02,,24.43,22.05,19.46,16.33,15.64,15.4,14.59,13.96,13.77,13.4,13.16,13.02,13.07,13.78
2016-10-14 13:07:09,,24.43,22.05,19.46,16.33,15.64,15.4,14.59,13.96,13.66,13.51,13.16,13.02,13.07,13.71
2016-10-14 13:07:12,,24.43,22.05,19.46,16.33,15.64,15.4,14.59,13.96,13.66,13.51,13.16,13.02,13.19,13.71
2016-10-14 13:07:18,,24.43,22.05,19.46,16.33,15.59,15.35,14.59,13.96,13.66,13.51,13.16,13.15,13.14,13.76
2016-10-14 13:07:21,,24.43,22.05,19.46,16.33,15.59,15.35,14.59,13.96,13.66,13.51,13.16,13.15,13.14,13.76
2016-10-14 13:07:30,,24.43,22.05,19.46,16.33,15.59,15.35,14.59,13.96,13.66,13.51,13.16,13.22,13.14,13.76
2016-10-14 13:07:40,,24.43,22.05,19.46,16.33,15.59,15.11,14.59,14.06,13.66,13.62,13.25,13.22,13.19,13.76
2016-10-14 13:07:46,,24.43,22.05,19.46,16.33,15.59,15.11,14.59,14.06,13.56,13.55,13.33,13.29,13.19,13.83
2016-10-14 13:07:51,,24.43,22.05,19.46,16.22,15.59,15.11,14.44,14.06,13.56,13.55,13.24,13.29,13.19,13.83
2016-10-14 13:07:56,,24.43,22.05,19.46,16.22,15.59,15.11,14.44,14.06,13.56,13.44,13.24,13.29,13.19,13.83
2016-10-14 13:07:58,,24.43,22.05,19.46,16.22,15.59,15.11,14.44,14.06,13.56,13.44,13.15,13.15,13.14,13.83
2016-10-14 13:08:08,,24.43,22.05,19.46,16.22,15.59,15.11,14.59,14.14,13.56,13.44,13.15,13.29,13.14,13.83
2016-10-14 13:08:12,,24.69,22.29,19.67,16.39,15.83,15.27,14.74,14.29,13.78,13.58,13.29,13.29,13.22,13.96
2016-10-14 13:08:19,,24.69,22.29,19.67,16.5,15.83,15.27,14.59,14.29,13.78,13.58,13.37,13.29,13.22,13.96
2016-10-14 13:08:28,,24.69,22.29,19.67,16.47,15.83,15.27,14.74,14.23,13.78,13.69,13.37,13.43,13.22,13.96
2016-10-14 13:08:34,,24.69,22.29,19.67,16.47,15.83,15.27,14.74,14.13,13.78,13.69,13.37,13.29,13.34,13.96
2016-10-14 13:08:40,,24.69,22.29,19.67,16.47,15.83,15.36,14.74,14.23,13.78,13.63,13.28,13.29,13.34,13.99
2016-10-14 13:08:44,,24.69,22.29,19.67,16.47,15.83,15.31,14.74,14.23,13.78,13.63,13.28,13.29,13.34,13.99
2016-10-14 13:08:49,,24.69,22.29,19.67,16.47,15.83,15.31,14.74,14.23,13.78,13.63,13.28,13.29,13.34,13.99
2016-10-14 13:08:57,,24.69,22.29,19.67,16.47,15.83,15.31,14.74,14.23,13.78,13.51,13.37,13.29,13.34,13.99
2016-10-14 13:09:02,,24.69,22.29,19.67,16.47,15.83,15.31,14.74,14.13,13.78,13.58,13.37,13.43,13.34,13.99
2016-10-14 13:09:06,,24.69,22.56,19.67,16.47,15.83,15.31,14.74,14.13,13.78,13.58,13.37,13.43,13.34,13.99
2016-10-14 13:09:12,,24.69,22.56,19.67,16.47,15.83,15.31,14.74,14.13,13.78,13.58,13.37,13.43,13.34,13.99
2016-10-14 13:09:21,,24.69,22.56,19.67,16.47,15.83,15.31,14.74,14.13,13.78,13.51,13.37,13.43,13.34,13.99
2016-10-14 13:09:28,,24.69,22.56,19.67,16.47,15.83,15.27,14.74,14.21,13.78,13.58,13.37,13.43,13.34,13.99
2016-10-14 13:09:34,,24.69,22.56,19.3,16.47,15.83,15.27,14.74,14.13,13.78,13.58,13.37,13.43,13.38,13.99
2016-10-14 13:09:40,,24.69,22.56,19.3,16.47,15.83,15.22,14.74,14.02,13.81,13.65,13.29,13.43,13.38,13.99
2016-10-14 13:09:45,,24.69,22.56,19.3,16.47,15.83,15.22,14.74,14.02,13.81,13.65,13.38,13.43,13.38,13.99
2016-10-14 13:09:48,,24.69,22.56,19.3,16.25,15.83,15.22,14.74,14.02,13.81,13.54,13.38,13.43,13.38,13.99
2016-10-14 13:09:56,,24.69,22.56,19.3,16.25,15.83,15.22,14.74,14.02,13.81,13.54,13.38,13.43,13.38,13.99
2016-10-14 13:09:58,,24.69,22.56,19.3,16.14,15.83,15.18,14.74,14.13,13.81,13.54,13.38,13.29,13.38,13.99
2016-10-14 13:10:11,,24.69,22.56,19.3,16.14,15.83,15.18,14.81,14.02,13.81,13.72,13.38,13.29,13.38,14.06
2016-10-14 13:10:13,,24.69,22.56,19.3,16.14,15.83,15.22,14.81,14.02,13.81,13.72,13.38,13.29,13.38,14.06
2016-10-14 13:10:22,,24.69,22.56,19.3,16.14,15.83,15.22,14.81,14.02,13.81,13.6,13.38,13.15,13.38,14.06
2016-10-14 13:10:27,,24.69,22.56,19.3,16.14,15.83,15.22,14.81,14.02,13.73,13.6,13.38,13.43,13.27,14.06
2016-10-14 13:10:34,,24.69,22.56,19.3,16.14,15.83,15.18,14.81,14.19,13.81,13.6,13.38,13.29,13.31,14.06
2016-10-14 13:10:39,,24.69,22.56,19.3,16.14,15.69,15.18,14.66,14.1,13.81,13.6,13.29,13.43,13.31,14.06
2016-10-14 13:10:44,,24.69,22.56,19.3,16.14,15.69,15.18,14.66,14.1,13.81,13.6,13.39,13.43,13.31,14.06
2016-10-14 13:10:55,,24.69,22.56,19.3,16.14,15.69,15.18,14.81,14.0,13.73,13.67,13.39,13.43,13.31,14.06
2016-10-14 13:11:00,,24.69,22.56,19.3,16.14,15.69,15.18,14.81,14.1,13.73,13.6,13.39,13.29,13.31,14.06
2016-10-14 13:11:05,,24.69,22.56,19.3,16.14,15.69,15.18,14.81,14.1,13.73,13.49,13.39,13.29,13.31,14.06
2016-10-14 13:11:09,,24.69,22.56,19.3,16.14,15.69,15.18,14.66,14.1,13.73,13.49,13.39,13.43,13.31,14.06
2016-10-14 13:11:16,,24.69,22.56,19.3,16.14,15.69,15.18,14.66,14.1,13.73,13.49,13.39,13.43,13.36,14.06
2016-10-14 13:11:21,,24.69,22.56,19.3,16.14,15.69,15.18,14.66,14.1,13.81,13.6,13.39,13.15,13.36,14.06
2016-10-14 13:11:27,,24.69,22.56,19.3,16.14,15.69,15.22,14.66,14.1,13.81,13.6,13.39,13.29,13.36,14.06
2016-10-14 13:11:33,,24.69,22.56,19.3,16.14,15.69,15.22,14.66,14.1,13.73,13.6,13.39,13.29,13.36,14.06
2016-10-14 13:11:37,,24.69,22.56,19.3,16.14,15.69,15.27,14.66,14.1,13.73,13.54,13.29,13.43,13.36,14.06
2016-10-14 13:11:44,,24.69,22.56,19.3,16.14,15.69,15.27,14.66,14.1,13.73,13.54,13.29,13.43,13.36,14.06
2016-10-14 13:11:47,,24.69,22.56,19.3,16.14,15.69,15.27,14.66,14.1,13.73,13.54,13.29,13.43,13.36,14.06
2016-10-14 13:12:01,,24.69,22.56,19.3,16.25,15.69,15.27,14.59,14.1,13.73,13.54,13.38,13.43,13.31,14.06
2016-10-14 13:12:07,,24.69,22.56,19.3,16.25,15.69,15.27,14.59,14.21,13.81,13.54,13.38,13.43,13.31,14.06
2016-10-14 13:12:10,,24.75,22.6,19.34,16.29,15.72,15.3,14.62,14.24,13.84,13.5,13.41,13.38,13.34,14.08
2016-10-14 13:12:18,,24.75,22.6,19.34,16.29,15.72,15.3,14.62,14.35,13.84,13.5,13.41,13.38,13.15,14.08
2016-10-14 13:12:21,,24.75,22.6,19.34,16.29,15.72,15.3,14.62,14.35,13.84,13.5,13.41,13.38,13.15,14.01
2016-10-14 13:12:28,,24.75,22.6,19.53,16.29,15.72,15.3,14.78,14.35,13.66,13.61,13.41,13.38,13.15,14.01
2016-10-14 13:12:34,,24.75,22.6,19.53,16.29,15.72,15.3,14.78,14.24,13.73,13.61,13.41,13.38,13.15,14.01
2016-10-14 13:12:37,,24.75,22.6,19.53,16.29,15.72,15.3,14.78,14.16,13.73,13.61,13.41,13.38,13.15,14.01
2016-10-14 13:12:44,,24.75,22.6,19.53,16.29,15.72,15.3,14.78,14.16,13.73,13.61,13.41,13.45,13.15,14.01
2016-10-14 13:12:50,,24.75,22.6,19.53,16.29,15.72,15.3,14.78,14.16,13.73,13.61,13.41,13.45,13.15,14.01
2016-10-14 13:12:56,,24.75,22.6,19.53,16.29,15.86,15.31,14.78,14.16,13.73,13.61,13.31,13.45,13.15,14.01
2016-10-14 13:13:07,,24.75,22.6,19.53,16.29,15.86,15.31,14.78,14.16,13.73,13.54,13.41,13.31,13.15,14.01
2016-10-14 13:13:12,,24.75,22.6,19.53,16.29,15.86,15.31,14.78,14.16,13.73,13.54,13.5,13.45,13.15,14.08
2016-10-14 13:13:17,,24.75,22.6,19.53,16.29,15.86,15.31,14.78,14.16,13.81,13.54,13.39,13.52,13.15,14.08
2016-10-14 13:13:23,,24.75,22.6,19.53,16.29,15.86,15.31,14.78,14.16,13.81,13.54,13.39,13.52,13.15,14.08
2016-10-14 13:13:27,,24.75,22.6,19.53,16.29,15.86,15.31,14.78,14.16,13.81,13.54,13.39,13.52,13.15,14.08
2016-10-14 13:13:27,,24.75,22.6,19.53,16.29,15.86,15.31,14.78,14.16,13.81,13.54,13.39,13.52,13.15,14.08
2016-10-14 13:13:31,,24.75,22.6,19.53,16.29,15.86,15.31,14.62,14.16,13.71,13.54,13.39,13.52,13.15,14.08
2016-10-14 13:13:41,,24.75,22.6,19.53,16.29,15.86,15.31,14.62,14.16,13.71,13.54,13.39,13.52,13.15,14.01
2016-10-14 13:13:46,,24.75,22.6,19.53,16.29,15.86,15.31,14.62,14.16,13.71,13.54,13.39,13.52,13.15,14.08
2016-10-14 13:13:52,,24.75,22.6,19.53,16.29,15.86,15.36,14.62,14.16,13.71,13.65,13.39,13.38,13.15,14.08
2016-10-14 13:14:02,,24.75,22.6,19.53,16.4,15.86,15.36,14.62,14.16,13.71,13.65,13.3,13.45,13.15,14.01
2016-10-14 13:14:08,,24.75,22.6,19.53,16.29,15.86,15.36,14.62,14.26,13.81,13.65,13.4,13.45,13.15,14.01
2016-10-14 13:14:12,,24.75,22.6,19.53,16.29,15.86,15.36,14.78,14.26,13.81,13.65,13.49,13.45,13.27,14.01
2016-10-14 13:14:19,,24.75,22.6,19.53,16.29,15.86,15.36,14.78,14.26,13.81,13.65,13.49,13.45,13.27,14.01
2016-10-14 13:14:25,,24.75,22.6,19.71,16.29,15.72,15.31,14.78,14.26,13.81,13.54,13.39,13.31,13.27,14.01
2016-10-14 13:14:27,,24.75,22.6,19.71,16.29,15.72,15.31,14.78,14.26,13.73,13.54,13.39,13.31,13.27,14.01
2016-10-14 13:14:35,,24.75,22.6,19.71,16.29,15.72,15.31,14.78,14.26,13.73,13.54,13.3,13.31,13.27,14.01
2016-10-14 13:14:45,,25.21,22.6,19.71,16.4,15.72,15.31,14.78,14.26,13.81,13.54,13.3,13.31,13.27,14.01
2016-10-14 13:14:49,,25.21,22.34,19.71,16.4,15.72,15.31,14.78,14.26,13.81,13.54,13.3,13.45,13.27,14.01
2016-10-14 13:14:57,,25.21,22.34,19.71,16.4,15.79,15.31,14.62,14.26,13.81,13.54,13.3,13.45,13.27,14.01
2016-10-14 13:15:04,,25.21,22.34,19.53,16.4,15.79,15.31,14.78,14.26,13.73,13.54,13.3,13.45,13.32,14.01
2016-10-14 13:15:08,,25.21,22.34,19.53,16.4,15.79,15.31,14.78,14.16,13.73,13.54,13.3,13.45,13.32,14.01
2016-10-14 13:15:12,,25.21,22.34,19.53,16.4,15.79,15.31,14.78,14.16,13.73,13.61,13.31,13.31,13.32,14.08
2016-10-14 13:15:20,,25.21,22.34,19.53,16.4,15.79,15.31,14.78,14.16,13.73,13.61,13.31,13.38,13.32,14.08
2016-10-14 13:15:20,,25.21,22.34,19.53,16.4,15.79,15.31,14.78,14.16,13.73,13.61,13.31,13.38,13.32,14.08
2016-10-14 13:15:26,,25.21,22.34,19.53,16.4,15.79,15.31,14.62,14.16,13.73,13.56,13.31,13.38,13.32,14.08
2016-10-14 13:15:42,,25.21,22.34,19.53,16.5,15.79,15.31,14.62,14.13,13.66,13.56,13.31,13.38,13.41,14.08
2016-10-14 13:15:47,,25.21,22.34,19.53,16.5,15.79,15.31,14.62,14.13,13.66,13.56,13.41,13.38,13.41,14.08
2016-10-14 13:15:52,,25.21,22.34,19.53,16.5,15.79,15.27,14.69,14.24,13.66,13.56,13.41,13.38,13.41,14.08
2016-10-14 13:15:54,,25.21,22.34,19.53,16.5,15.79,15.27,14.69,14.24,13.76,13.56,13.41,13.38,13.41,14.08
2016-10-14 13:16:02,,25.21,22.34,19.53,16.5,15.79,15.27,14.69,14.13,13.86,13.56,13.41,13.17,13.41,14.08
2016-10-14 13:16:07,,25.21,22.34,19.53,16.5,15.79,15.27,14.69,14.13,13.86,13.56,13.31,13.31,13.41,14.01
2016-10-14 13:16:15,,25.21,22.34,19.53,16.5,15.86,15.27,14.69,14.13,13.86,13.56,13.31,13.38,13.29,14.01
2016-10-14 13:16:20,,25.21,22.34,19.53,16.5,15.86,15.27,14.69,14.13,13.76,13.56,13.31,13.38,13.29,14.01
2016-10-14 13:16:25,,25.21,22.34,19.53,16.5,15.86,15.22,14.69,14.13,13.76,13.56,13.31,13.38,13.29,14.01
2016-10-14 13:16:27,,25.21,22.34,19.53,16.5,15.86,15.22,14.69,14.13,13.76,13.56,13.31,13.38,13.29,14.01
2016-10-14 13:16:27,,25.21,22.34,19.53,16.5,15.86,15.22,14.69,14.13,13.76,13.56,13.31,13.38,13.29,14.01
2016-10-14 13:16:42,,25.21,22.34,19.53,16.18,15.86,15.22,14.69,14.24,13.76,13.56,13.31,13.38,13.29,14.01
2016-10-14 13:16:48,,25.21,22.34,19.53,16.4,15.86,15.22,14.69,14.13,13.76,13.56,13.31,13.38,13.29,14.08
2016-10-14 13:16:51,,25.21,22.34,19.53,16.4,15.86,15.22,14.69,14.13,13.76,13.56,13.31,13.24,13.34,13.94
2016-10-14 13:16:56,,25.21,22.34,19.53,16.4,15.86,15.22,14.69,14.13,13.76,13.56,13.31,13.24,13.34,13.94
2016-10-14 13:17:05,,25.21,22.34,19.53,16.4,15.86,15.22,14.62,14.24,13.91,13.5,13.31,13.31,13.34,14.01
2016-10-14 13:17:08,,25.21,22.34,19.53,16.4,15.86,15.27,14.62,14.16,13.91,13.5,13.31,13.45,13.25,14.01
2016-10-14 13:17:14,,25.21,22.34,19.53,16.4,15.86,15.27,14.62,14.16,13.91,13.5,13.31,13.45,13.25,14.01
2016-10-14 13:17:27,,25.21,22.34,19.53,16.4,15.86,15.27,14.62,14.16,13.81,13.43,13.31,13.31,13.25,14.01
2016-10-14 13:17:33,,25.21,22.34,19.53,16.5,15.79,15.31,14.78,14.08,13.81,13.65,13.3,13.31,13.25,14.01
2016-10-14 13:17:38,,25.21,22.34,19.53,16.5,15.79,15.36,14.78,14.18,13.81,13.65,13.3,13.52,13.25,14.01
2016-10-14 13:17:43,,25.21,22.34,19.53,16.5,15.79,15.24,14.78,14.18,13.89,13.59,13.3,13.52,13.15,14.01
2016-10-14 13:17:47,,25.21,22.34,19.53,16.5,15.79,15.24,14.78,14.18,13.78,13.59,13.3,13.38,13.15,14.01
2016-10-14 13:17:54,,25.21,22.34,19.53,16.4,15.79,15.24,14.78,14.08,13.89,13.59,13.3,13.38,13.15,14.01
2016-10-14 13:18:04,,25.21,22.34,19.12,16.4,15.72,15.29,14.65,13.99,13.71,13.59,13.4,13.45,13.28,13.94
2016-10-14 13:18:08,,25.21,22.34,19.12,16.4,15.72,15.24,14.65,13.99,13.71,13.52,13.3,13.59,13.28,13.94
2016-10-14 13:18:13,,25.21,22.34,19.12,16.4,15.72,15.24,14.65,13.99,13.78,13.59,13.3,13.45,13.28,13.94
2016-10-14 13:18:19,,25.21,22.34,19.12,16.4,15.79,15.24,14.65,13.99,13.78,13.59,13.3,13.45,13.28,13.94
2016-10-14 13:18:26,,25.21,22.34,19.12,16.4,15.79,15.24,14.65,14.1,13.78,13.7,13.39,13.45,13.28,13.94
2016-10-14 13:18:26,,25.21,22.34,19.12,16.4,15.79,15.24,14.65,14.1,13.78,13.7,13.39,13.45,13.28,13.94
2016-10-14 13:18:30,,25.21,22.34,19.12,16.4,15.79,15.15,14.65,14.1,13.78,13.7,13.29,13.45,13.28,13.94
2016-10-14 13:18:42,,25.21,22.34,19.12,16.4,15.79,15.29,14.5,14.1,13.68,13.59,13.29,13.31,13.33,13.94
2016-10-14 13:18:46,,25.21,22.34,19.12,16.4,15.79,15.29,14.65,14.1,13.6,13.52,13.29,13.45,13.33,13.94
2016-10-14 13:18:54,,25.21,22.34,19.12,16.4,15.79,15.29,14.65,14.1,13.75,13.63,13.29,13.31,13.29,13.94
2016-10-14 13:18:59,,25.21,22.34,19.12,16.4,15.79,15.29,14.65,14.1,13.68,13.63,13.19,13.31,13.43,13.94
2016-10-14 13:19:05,,25.21,22.34,19.12,16.4,15.86,15.2,14.65,14.1,13.75,13.63,13.29,13.31,13.43,13.94
2016-10-14 13:19:09,,25.21,22.34,19.12,16.4,15.86,15.2,14.65,14.1,13.75,13.56,13.29,13.45,13.43,13.94
2016-10-14 13:19:14,,25.21,22.34,19.12,16.4,15.86,15.33,14.65,14.1,13.86,13.63,13.29,13.16,13.43,13.94
2016-10-14 13:19:20,,25.21,22.34,19.12,16.4,15.86,15.24,14.65,14.1,13.86,13.56,13.19,13.31,13.43,13.94
2016-10-14 13:19:32,,25.21,22.34,19.12,16.4,15.86,15.24,14.65,14.1,13.83,13.63,13.29,13.37,13.34,14.14
2016-10-14 13:19:37,,25.21,22.34,19.12,16.4,15.86,15.29,14.65,14.1,13.83,13.63,13.29,13.23,13.29,14.07
2016-10-14 13:19:41,,25.21,22.34,19.12,16.4,15.86,15.33,14.65,14.1,13.83,13.56,13.29,13.37,13.29,14.07
2016-10-14 13:19:48,,25.21,22.34,19.12,16.4,15.86,15.33,14.65,14.2,13.75,13.56,13.28,13.37,13.29,14.07
2016-10-14 13:19:50,,25.21,22.34,19.12,16.4,15.86,15.24,14.65,14.2,13.75,13.56,13.28,13.37,13.29,14.07
2016-10-14 13:19:57,,25.21,22.6,19.12,16.29,15.86,15.24,14.65,14.2,13.75,13.63,13.28,13.37,13.29,14.07
2016-10-14 13:20:04,,25.21,22.6,19.12,16.29,15.86,15.33,14.5,14.12,13.75,13.67,13.27,13.16,13.19,14.07
2016-10-14 13:20:10,,25.21,22.6,19.12,16.29,15.86,15.21,14.57,14.12,13.72,13.6,13.37,13.16,13.38,14.07
2016-10-14 13:20:20,,25.21,22.6,19.29,16.29,15.86,15.21,14.57,14.14,13.75,13.67,13.27,13.31,13.38,14.07
2016-10-14 13:20:24,,25.21,22.6,19.29,16.15,15.86,15.21,14.5,14.14,13.75,13.67,13.18,13.31,13.38,14.07
2016-10-14 13:20:28,,25.21,22.6,19.29,15.97,15.86,15.21,14.5,14.14,13.65,13.67,13.18,13.16,13.34,14.07
2016-10-14 13:20:35,,25.21,22.6,19.29,15.97,15.86,15.21,14.65,14.12,13.65,13.52,13.28,13.31,13.34,14.07
2016-10-14 13:20:42,,25.21,22.6,19.29,15.97,15.86,15.12,14.65,14.2,13.75,13.63,13.29,13.16,13.34,14.14
2016-10-14 13:20:47,,25.21,22.6,19.29,15.97,15.86,15.12,14.65,14.1,13.68,13.52,13.29,13.02,13.29,14.14
2016-10-14 13:20:52,,25.21,22.6,19.29,15.97,15.86,15.17,14.5,14.1,13.68,13.52,13.21,13.31,13.29,14.14
2016-10-14 13:20:56,,25.21,22.6,19.29,15.97,15.86,15.17,14.5,14.2,13.68,13.59,13.3,13.31,13.29,14.14
2016-10-14 13:21:03,,25.21,22.6,19.29,16.07,15.86,15.17,14.5,14.1,13.75,13.59,13.21,13.17,13.28,14.14
2016-10-14 13:21:14,,25.21,22.6,19.12,16.07,15.79,15.12,14.35,14.08,13.68,13.7,13.21,13.31,13.28,14.14
2016-10-14 13:21:15,,25.21,22.6,19.12,16.07,15.79,15.12,14.35,14.08,13.89,13.7,13.29,13.31,13.28,14.14
2016-10-14 13:21:24,,25.21,22.6,19.12,16.07,15.79,15.12,14.35,14.18,13.89,13.65,13.29,13.17,13.33,14.14
2016-10-14 13:21:30,,25.21,22.6,19.12,16.07,15.79,15.17,14.5,14.08,13.89,13.65,13.29,13.31,13.33,14.14
2016-10-14 13:21:36,,25.21,22.6,19.12,16.07,15.79,15.12,14.5,14.08,13.78,13.54,13.39,13.17,13.33,14.14
2016-10-14 13:21:41,,25.21,22.6,19.12,16.07,15.79,15.12,14.5,14.26,13.78,13.65,13.29,13.31,13.33,14.14
2016-10-14 13:21:46,,25.21,22.6,19.12,16.07,15.79,15.12,14.5,14.08,13.78,13.65,13.29,13.31,13.33,14.14
2016-10-14 13:21:52,,25.21,22.6,19.12,16.07,15.79,15.12,14.5,14.08,13.78,13.65,13.21,13.31,13.33,14.14
2016-10-14 13:21:57,,25.21,22.6,19.12,16.07,15.79,15.12,14.64,14.08,13.71,13.59,13.3,13.31,13.33,14.22
2016-10-14 13:22:08,,25.21,22.6,19.12,16.07,15.79,15.12,14.64,14.26,13.71,13.54,13.3,13.31,13.28,14.14
2016-10-14 13:22:13,,25.21,22.6,19.12,15.97,15.79,15.12,14.64,14.16,13.71,13.54,13.3,13.17,13.28,14.14
2016-10-14 13:22:18,,25.21,22.6,19.12,16.35,15.79,15.12,14.64,14.08,13.71,13.54,13.3,13.31,13.28,14.14
2016-10-14 13:22:22,,25.21,22.6,19.12,16.35,15.79,15.12,14.64,14.08,13.71,13.47,13.3,13.31,13.28,14.14
2016-10-14 13:22:22,,25.21,22.6,19.12,16.35,15.79,15.12,14.64,14.08,13.71,13.47,13.21,13.31,13.28,14.14
2016-10-14 13:22:22,,25.21,22.6,19.12,16.35,15.79,15.12,14.64,14.08,13.71,13.47,13.3,13.17,13.28,14.14
2016-10-14 13:22:37,,25.21,22.6,19.12,16.35,15.79,15.12,14.64,14.08,13.71,13.47,13.3,13.31,13.23,14.14
2016-10-14 13:22:45,,25.21,22.6,19.12,16.35,15.79,15.12,14.64,14.08,13.71,13.47,13.3,13.17,13.28,14.14
2016-10-14 13:22:54,,25.21,22.6,19.12,16.35,15.79,15.12,14.64,14.08,13.71,13.47,13.3,13.17,13.28,14.14
2016-10-14 13:23:00,,25.21,22.6,19.12,16.35,15.79,15.12,14.64,14.08,13.71,13.47,13.3,13.31,13.28,14.14
2016-10-14 13:23:06,,25.21,22.6,19.12,16.3,15.79,15.12,14.64,14.08,13.6,13.59,13.21,13.38,13.28,14.14
2016-10-14 13:23:12,,25.21,22.6,19.12,16.3,15.72,15.12,14.64,14.08,13.68,13.52,13.21,13.45,13.28,14.14
2016-10-14 13:23:13,,25.21,22.6,19.12,16.3,15.72,15.12,14.64,14.08,13.78,13.52,13.21,13.45,13.28,14.14
2016-10-14 13:23:23,,25.21,22.6,19.12,16.2,15.72,15.21,14.64,14.08,13.78,13.52,13.29,13.45,13.28,14.07
2016-10-14 13:23:27,,25.21,22.6,18.93,16.2,15.72,15.21,14.64,13.99,13.6,13.59,13.29,13.45,13.28,14.07
2016-10-14 13:23:33,,25.21,22.34,18.93,16.2,15.72,15.17,14.64,14.1,13.68,13.59,13.19,13.31,13.28,14.07
2016-10-14 13:23:44,,25.21,22.34,18.93,16.2,15.72,15.21,14.64,14.02,13.68,13.45,13.29,13.31,13.28,14.04
2016-10-14 13:23:47,,25.21,22.34,18.93,16.2,15.72,15.21,14.64,14.02,13.75,13.38,13.19,13.45,13.28,14.04
2016-10-14 13:23:53,,25.21,22.34,18.93,16.2,15.72,15.21,14.64,14.02,13.75,13.45,13.29,13.45,13.28,14.04
2016-10-14 13:24:00,,25.21,22.34,18.93,16.2,15.72,15.21,14.5,14.02,13.75,13.56,13.29,13.31,13.28,14.04
2016-10-14 13:24:06,,25.21,22.34,18.93,16.2,15.79,15.21,14.5,13.93,13.75,13.63,13.29,13.16,13.28,14.04
2016-10-14 13:24:11,,25.21,22.34,18.93,16.2,16.0,15.21,14.5,13.93,13.75,13.63,13.29,13.31,13.28,14.04
2016-10-14 13:24:17,,25.21,22.34,18.93,16.2,16.0,15.21,14.5,14.02,13.65,13.63,13.29,13.37,13.3,14.02
2016-10-14 13:24:27,,25.21,22.34,18.93,16.2,16.0,15.11,14.5,14.04,13.65,13.56,13.29,13.29,13.35,14.02
2016-10-14 13:24:30,,25.21,22.34,18.93,16.2,16.0,15.11,14.5,14.04,13.65,13.56,13.29,13.29,13.35,14.09
2016-10-14 13:24:35,,25.21,22.34,18.93,16.2,16.0,15.15,14.65,14.04,13.65,13.56,13.38,13.29,13.35,14.02
2016-10-14 13:24:43,,25.21,22.34,19.12,16.2,15.79,15.11,14.65,14.04,13.65,13.56,13.38,13.44,13.35,14.02
2016-10-14 13:24:48,,25.21,22.34,19.12,16.2,15.86,15.11,14.65,14.04,13.65,13.49,13.38,13.44,13.35,14.02
2016-10-14 13:24:54,,25.21,22.34,19.12,16.2,15.86,15.15,14.65,14.04,13.65,13.49,13.38,13.44,13.35,14.02
2016-10-14 13:24:59,,25.21,22.34,19.12,16.3,15.86,15.15,14.65,14.04,13.72,13.49,13.38,13.44,13.35,14.02
2016-10-14 13:25:06,,25.21,22.34,19.12,16.3,15.86,15.15,14.65,14.12,13.65,13.56,13.28,13.23,13.35,14.02
2016-10-14 13:25:15,,25.21,22.34,19.12,16.3,15.86,15.15,14.65,14.04,13.65,13.56,13.28,13.23,13.35,14.02
2016-10-14 13:25:21,,25.21,22.34,19.12,16.3,15.86,15.15,14.65,14.04,13.72,13.49,13.28,13.37,13.35,14.02
2016-10-14 13:25:25,,25.21,22.34,19.12,16.3,15.86,15.11,14.65,14.02,13.72,13.56,13.28,13.37,13.35,14.02
2016-10-14 13:25:29,,25.21,22.34,19.12,16.3,15.86,15.11,14.65,14.02,13.83,13.56,13.28,13.37,13.35,14.02
2016-10-14 13:25:37,,25.21,22.6,19.12,16.3,15.86,15.21,14.65,14.02,13.75,13.56,13.28,13.37,13.35,14.02
2016-10-14 13:25:37,,25.21,22.6,19.12,16.3,15.86,15.21,14.65,14.02,13.75,13.56,13.28,13.37,13.35,14.02
2016-10-14 13:25:47,,25.21,22.6,19.12,16.3,15.86,15.21,14.65,14.12,13.75,13.56,13.28,13.37,13.35,14.02
2016-10-14 13:25:58,,25.21,22.34,19.12,16.3,15.79,15.15,14.65,14.22,13.65,13.49,13.27,13.23,13.35,14.02
2016-10-14 13:26:03,,25.21,22.34,19.12,16.12,15.93,15.18,14.65,14.05,13.8,13.53,13.27,13.37,13.35,14.02
2016-10-14 13:26:09,,25.21,22.34,18.99,16.22,15.93,15.18,14.65,13.97,13.66,13.57,13.25,13.5,13.35,14.02
2016-10-14 13:26:13,,25.21,22.34,18.99,16.22,15.93,15.18,14.65,13.97,13.66,13.57,13.33,13.5,13.35,13.94
2016-10-14 13:26:19,,25.21,22.34,19.17,16.22,15.93,15.27,14.65,14.07,13.73,13.49,13.33,13.5,13.31,13.94
2016-10-14 13:26:24,,25.21,22.34,19.17,16.22,15.93,15.27,14.8,14.07,13.73,13.6,13.23,13.28,13.37,13.94
2016-10-14 13:26:29,,25.21,22.34,19.17,16.22,15.93,15.18,14.8,14.17,13.73,13.6,13.23,13.35,13.37,13.94
2016-10-14 13:26:35,,25.21,22.34,19.17,16.22,16.0,15.27,14.8,14.17,13.73,13.53,13.33,13.35,13.32,13.94
2016-10-14 13:26:46,,25.21,22.34,19.17,16.22,16.07,15.15,14.73,13.97,13.83,13.57,13.33,13.43,13.37,13.94
2016-10-14 13:26:49,,25.21,22.34,19.17,16.22,16.07,15.19,14.73,13.97,13.83,13.64,13.33,13.43,13.37,13.94
2016-10-14 13:26:57,,25.21,22.34,19.34,16.33,16.07,15.19,14.73,14.07,13.83,13.57,13.25,13.43,13.37,13.94
2016-10-14 13:27:01,,25.21,22.34,19.34,16.33,16.07,15.06,14.73,14.07,13.76,13.46,13.25,13.58,13.37,13.94
2016-10-14 13:27:08,,25.21,22.34,19.34,16.33,16.07,15.23,14.59,14.07,13.66,13.67,13.25,13.58,13.47,13.94
2016-10-14 13:27:13,,25.21,22.34,19.34,16.33,16.07,15.23,14.59,14.07,13.76,13.57,13.45,13.58,13.37,14.02
2016-10-14 13:27:17,,25.21,22.34,19.34,16.33,16.07,15.11,14.59,14.07,13.73,13.57,13.25,13.28,13.37,14.02
2016-10-14 13:27:23,,25.21,22.34,19.34,16.33,16.07,15.22,14.59,14.07,13.83,13.49,13.25,13.43,13.37,14.02
2016-10-14 13:27:34,,25.21,22.34,19.17,16.28,16.07,15.31,14.59,14.07,13.73,13.42,13.33,13.57,13.32,13.94
2016-10-14 13:27:39,,25.21,22.6,19.17,16.28,16.07,15.19,14.59,14.17,13.73,13.42,13.33,13.57,13.32,13.94
2016-10-14 13:27:45,,25.21,22.6,19.17,16.28,16.07,15.13,14.73,14.09,13.69,13.53,13.31,13.41,13.22,14.19
2016-10-14 13:27:50,,25.21,22.6,19.17,16.18,16.07,15.13,14.73,14.09,13.69,13.46,13.21,13.57,13.27,14.11
2016-10-14 13:27:56,,25.21,22.6,19.17,16.18,16.07,15.13,14.73,14.18,13.76,13.46,13.21,13.26,13.27,14.19
2016-10-14 13:28:01,,25.21,22.6,19.17,16.07,16.07,15.17,14.73,14.18,13.76,13.56,13.21,13.41,13.22,14.11
2016-10-14 13:28:06,,25.21,22.6,19.17,16.07,16.0,15.22,14.73,14.09,13.76,13.38,13.21,13.26,13.22,14.11
2016-10-14 13:28:12,,25.21,22.6,19.17,16.18,16.0,15.17,14.73,14.18,13.76,13.38,13.21,13.26,13.22,14.11
2016-10-14 13:28:18,,25.21,22.6,19.17,16.18,16.07,15.17,14.73,14.1,13.69,13.46,13.19,13.26,13.22,14.11
2016-10-14 13:28:28,,25.21,22.6,19.17,16.18,16.07,15.14,14.52,14.0,13.65,13.49,13.29,13.32,13.22,14.11
2016-10-14 13:28:34,,25.63,22.6,19.17,16.18,16.07,15.03,14.52,14.01,13.72,13.34,13.08,13.39,13.12,14.04
2016-10-14 13:28:39,,25.63,22.6,19.17,16.18,16.2,15.08,14.66,13.93,13.68,13.45,13.16,13.39,13.12,14.18
2016-10-14 13:28:45,,25.63,22.6,19.17,15.95,16.2,15.16,14.52,14.02,13.57,13.38,13.25,13.3,13.12,14.1
2016-10-14 13:28:50,,25.63,22.6,19.17,15.95,16.27,15.24,14.52,13.94,13.64,13.4,13.14,13.2,13.01,14.1
2016-10-14 13:28:56,,25.63,22.6,19.17,15.95,16.27,15.24,14.38,14.03,13.64,13.48,13.22,13.36,13.01,14.1
2016-10-14 13:29:01,,25.63,22.6,19.17,15.95,16.27,15.04,14.38,14.03,13.64,13.4,13.22,13.13,13.01,14.1
2016-10-14 13:29:07,,25.63,22.6,19.17,15.95,16.27,15.04,14.59,14.02,13.57,13.45,13.16,13.13,13.01,14.1
2016-10-14 13:29:13,,25.63,22.6,19.17,15.95,16.27,15.04,14.59,14.11,13.57,13.38,13.06,13.23,12.96,14.1
2016-10-14 13:29:18,,25.63,22.6,19.17,15.95,16.27,15.24,14.59,14.02,13.64,13.38,13.06,13.36,12.96,14.1
2016-10-14 13:29:24,,25.63,22.6,19.17,16.05,16.33,15.24,14.59,14.03,13.64,13.4,13.22,13.36,12.96,14.1
2016-10-14 13:29:35,,25.63,22.6,19.17,16.15,16.33,15.24,14.59,14.03,13.71,13.4,13.03,13.2,12.96,14.1
2016-10-14 13:29:39,,25.63,22.6,19.17,16.15,16.33,15.24,14.59,14.12,13.64,13.4,13.03,13.36,12.96,14.1
2016-10-14 13:29:45,,25.63,22.6,19.17,15.76,16.33,15.24,14.59,13.94,13.57,13.4,13.14,13.36,12.96,14.1
2016-10-14 13:29:50,,25.63,22.6,19.17,15.86,16.33,15.11,14.51,14.04,13.56,13.36,13.11,13.39,12.91,14.1
2016-10-14 13:29:55,,25.63,22.6,19.17,15.96,16.33,15.31,14.51,13.86,13.74,13.38,13.11,13.26,12.91,14.1
2016-10-14 13:30:00,,25.63,22.6,18.79,15.86,16.33,15.31,14.51,13.86,13.62,13.28,13.16,13.26,12.91,14.02
2016-10-14 13:30:06,,25.63,22.6,18.79,15.86,16.33,15.11,14.51,14.04,13.62,13.46,13.08,13.43,12.85,14.02
2016-10-14 13:30:12,,25.63,22.6,18.67,15.76,16.46,15.11,14.51,13.95,13.62,13.38,13.16,13.26,12.85,14.02
2016-10-14 13:30:17,,25.63,22.6,18.67,15.76,16.46,15.11,14.51,13.96,13.65,13.38,13.24,13.39,13.35,14.36
2016-10-14 13:30:23,,25.63,22.6,18.67,15.76,16.58,15.11,14.64,13.96,13.65,13.48,13.24,13.39,13.35,14.36
2016-10-14 13:30:29,,25.63,22.6,18.67,15.76,16.58,15.31,14.51,13.96,13.58,13.56,13.24,13.56,13.35,14.36
2016-10-14 13:30:34,,25.63,22.6,18.58,16.05,16.58,15.31,14.51,13.95,13.56,13.36,13.11,13.56,13.4,14.36
2016-10-14 13:30:39,,25.63,22.34,18.58,16.05,16.58,15.11,14.37,13.86,13.78,13.33,13.11,13.43,13.4,14.45
2016-10-14 13:30:45,,25.63,22.34,18.58,16.05,16.46,15.11,14.37,14.13,13.56,13.25,13.27,13.26,13.35,14.45
2016-10-14 13:30:50,,25.63,22.34,18.58,16.05,16.46,14.92,14.37,13.95,13.62,13.36,13.27,13.26,13.35,14.45
2016-10-14 13:30:56,,25.63,22.34,18.58,16.05,16.46,15.11,14.37,13.95,13.62,13.36,13.16,13.36,13.35,14.45
2016-10-14 13:31:01,,25.63,22.34,18.58,15.76,16.46,15.05,14.37,13.95,13.56,13.46,13.27,13.33,13.35,14.36
2016-10-14 13:31:12,,25.63,22.34,18.58,16.05,16.46,15.05,14.37,13.95,13.62,13.43,13.19,13.49,13.35,14.36
2016-10-14 13:31:17,,25.63,22.34,18.58,16.05,16.46,15.05,14.37,13.95,13.62,13.36,13.27,13.33,13.35,14.36
2016-10-14 13:31:23,,25.63,22.34,18.58,16.05,16.46,15.05,14.37,14.04,13.67,13.43,13.27,13.43,13.35,14.36
2016-10-14 13:31:28,,25.63,22.34,18.58,16.05,16.46,15.05,14.37,13.94,13.67,13.43,13.19,13.26,13.35,14.36
2016-10-14 13:31:33,,25.63,22.34,18.58,16.05,16.46,15.05,14.37,14.04,13.67,13.43,13.27,13.33,13.35,14.36
2016-10-14 13:31:38,,25.63,22.34,18.58,15.95,16.46,14.85,14.37,13.94,13.56,13.43,13.27,13.33,13.35,14.36
2016-10-14 13:31:44,,25.63,22.34,18.58,16.24,16.46,14.85,14.37,14.04,13.56,13.43,13.38,13.39,13.4,14.36
2016-10-14 13:31:49,,25.63,22.34,18.58,16.24,16.46,14.85,14.51,14.04,13.56,13.43,13.27,13.39,13.4,14.36
2016-10-14 13:32:00,,25.63,22.34,18.58,16.24,16.4,15.05,14.58,14.04,13.67,13.61,13.19,13.33,13.4,14.53
2016-10-14 13:32:05,,25.63,22.34,18.58,16.24,16.4,15.05,14.58,14.04,13.67,13.33,13.19,13.33,13.4,14.53
2016-10-14 13:32:08,,25.63,22.34,18.58,16.05,16.4,15.05,14.58,14.04,13.56,13.51,13.3,13.26,13.29,14.53
2016-10-14 13:32:16,,25.63,22.34,18.58,16.05,16.46,15.05,14.58,13.94,13.49,13.43,13.3,13.26,13.29,14.36
2016-10-14 13:32:21,,25.63,22.34,18.75,16.05,16.46,14.85,14.58,13.94,13.49,13.51,13.3,13.26,13.35,14.36
2016-10-14 13:32:26,,25.63,22.34,18.75,16.05,16.46,14.98,14.58,13.94,13.49,13.33,13.11,13.26,13.35,14.36
2016-10-14 13:32:32,,25.63,22.34,18.75,16.05,16.46,14.98,14.58,13.94,13.6,13.43,13.19,13.43,13.29,14.36
2016-10-14 13:32:43,,25.63,22.6,18.91,15.95,16.46,14.98,14.58,14.04,13.6,13.43,13.19,13.26,13.35,14.27
2016-10-14 13:32:48,,25.63,22.86,18.91,15.95,16.46,15.18,14.65,14.04,13.6,13.4,13.19,13.26,13.24,14.27
2016-10-14 13:32:53,,25.63,22.86,18.91,15.95,16.52,15.18,14.65,14.04,13.6,13.51,13.3,13.26,13.29,14.27
2016-10-14 13:32:59,,25.63,22.86,18.75,15.95,16.46,15.18,14.65,14.04,13.6,13.51,13.19,13.43,13.29,14.27
2016-10-14 13:33:04,,25.63,22.86,18.75,15.95,16.46,15.18,14.65,14.04,13.6,13.4,13.11,13.2,13.29,14.27
2016-10-14 13:33:09,,25.63,22.6,18.75,16.05,16.46,14.98,14.65,13.94,13.6,13.4,13.22,13.36,13.29,14.27
2016-10-14 13:33:15,,25.63,22.6,18.58,16.05,16.46,14.98,14.59,14.03,13.64,13.3,13.22,13.2,13.29,14.27
2016-10-14 13:33:20,,25.63,22.6,18.58,15.95,16.46,14.98,14.59,13.94,13.57,13.55,13.14,13.36,13.29,14.27
2016-10-14 13:33:30,,26.01,22.6,18.75,15.95,16.4,14.94,14.59,14.01,13.61,13.42,13.08,13.23,13.4,14.27
2016-10-14 13:33:36,,26.01,22.6,18.58,15.95,16.4,14.98,14.73,13.91,13.68,13.42,13.08,13.23,13.4,14.27
2016-10-14 13:33:40,,26.01,22.6,18.58,15.95,16.4,14.94,14.59,14.1,13.61,13.45,13.08,13.39,13.35,14.27
2016-10-14 13:33:47,,26.01,22.6,18.58,15.95,16.4,14.98,14.45,13.93,13.61,13.52,13.16,13.23,13.4,14.35
2016-10-14 13:33:52,,26.01,22.6,18.41,15.95,16.4,15.1,14.45,14.02,13.61,13.45,13.16,13.39,13.4,14.43
2016-10-14 13:33:57,,26.01,22.86,18.41,15.95,16.4,15.1,14.59,14.01,13.68,13.45,13.06,13.46,13.4,14.43
2016-10-14 13:34:03,,26.01,22.86,18.41,15.95,16.4,15.1,14.59,13.84,13.68,13.55,13.06,13.46,13.4,14.43
2016-10-14 13:34:14,,26.01,22.86,18.41,15.85,16.33,15.04,14.59,13.84,13.57,13.58,13.14,13.3,13.35,14.35
2016-10-14 13:34:19,,26.01,22.86,18.41,15.85,16.33,15.04,14.59,13.94,13.53,13.48,13.14,13.3,13.4,14.27
2016-10-14 13:34:25,,26.01,22.86,18.41,15.81,16.33,15.04,14.59,13.94,13.53,13.58,13.22,13.3,13.4,14.35
2016-10-14 13:34:30,,26.01,22.86,18.75,15.91,16.33,15.1,14.59,13.94,13.53,13.51,13.22,13.13,13.35,14.35
2016-10-14 13:34:36,,26.01,22.86,18.58,15.91,16.33,15.1,14.59,13.94,13.53,13.51,13.22,13.2,13.29,14.35
2016-10-14 13:34:40,,26.01,22.86,18.58,15.91,16.46,15.1,14.72,13.94,13.53,13.51,13.22,13.36,13.29,14.35
2016-10-14 13:34:46,,26.01,22.86,18.58,15.81,16.46,15.1,14.72,14.03,13.53,13.51,13.22,13.36,13.29,14.27
2016-10-14 13:34:51,,26.01,22.86,18.58,15.81,16.46,14.98,14.72,13.94,13.53,13.4,13.22,13.36,13.29,14.27
2016-10-14 13:35:02,,26.01,22.86,18.58,15.76,16.46,15.18,14.59,14.03,13.6,13.51,13.11,13.43,13.24,14.18
2016-10-14 13:35:08,,26.01,22.86,18.58,15.76,16.33,15.18,14.59,14.04,13.6,13.58,13.11,13.43,13.24,14.18
2016-10-14 13:35:13,,26.01,22.86,18.58,15.76,16.33,14.98,14.59,14.04,13.53,13.58,13.11,13.36,13.24,14.18
2016-10-14 13:35:19,,26.01,22.86,18.58,15.76,16.33,15.04,14.59,14.04,13.6,13.58,13.11,13.36,13.24,14.18
2016-10-14 13:35:24,,25.63,22.86,18.58,15.76,16.33,14.98,14.59,14.04,13.71,13.51,13.11,13.36,13.24,14.18
2016-10-14 13:35:28,,25.63,22.86,18.58,15.76,16.33,14.98,14.72,14.03,13.71,13.61,13.11,13.36,13.29,14.18
2016-10-14 13:35:40,,26.01,22.86,18.58,15.76,16.33,15.18,14.72,14.13,13.71,13.51,13.11,13.36,13.29,14.18
2016-10-14 13:35:45,,26.01,22.86,18.58,15.76,16.33,15.18,14.72,13.94,13.71,13.58,13.11,13.36,13.29,14.18
2016-10-14 13:35:50,,26.01,22.86,18.58,15.76,16.33,15.18,14.72,13.94,13.64,13.51,13.11,13.2,13.29,14.27
2016-10-14 13:35:56,,26.01,22.86,18.58,15.76,16.33,15.18,14.65,14.03,13.64,13.58,13.22,13.2,13.29,14.27
2016-10-14 13:36:00,,26.01,22.86,18.58,15.76,16.33,15.18,14.65,13.94,13.71,13.58,13.11,13.36,13.29,14.27
2016-10-14 13:36:06,,26.01,22.86,18.58,15.76,16.33,15.18,14.59,14.03,13.71,13.48,13.22,13.36,13.29,14.27
2016-10-14 13:36:18,,25.63,22.86,18.58,15.76,16.46,15.04,14.59,14.03,13.53,13.4,13.11,13.2,13.29,14.27
2016-10-14 13:36:23,,26.01,22.86,18.58,15.76,16.52,15.04,14.59,13.94,13.53,13.4,13.11,13.36,13.29,14.27
2016-10-14 13:36:28,28.57,26.01,22.86,18.58,15.86,16.52,15.24,14.59,13.94,13.64,13.4,13.11,13.36,13.29,14.27
2016-10-14 13:36:34,28.57,26.01,22.86,18.58,15.86,16.52,15.04,14.72,13.94,13.6,13.4,13.11,13.36,13.29,14.27
2016-10-14 13:36:39,28.57,26.01,22.86,18.58,15.86,16.52,15.24,14.59,13.85,13.53,13.48,13.22,13.2,13.29,14.27
2016-10-14 13:36:42,28.57,26.01,22.86,18.58,15.95,16.52,15.24,14.59,13.85,13.53,13.48,13.11,13.2,13.35,14.27
2016-10-14 13:36:50,28.57,26.01,22.86,18.58,15.95,16.52,15.04,14.72,13.94,13.53,13.4,13.11,13.3,13.35,14.27
2016-10-14 13:36:56,28.57,25.63,22.86,18.58,15.95,16.4,15.24,14.59,13.94,13.57,13.4,13.03,13.3,13.35,14.27
2016-10-14 13:37:01,28.57,25.63,22.86,18.58,15.95,16.4,15.24,14.59,13.94,13.64,13.48,13.14,13.3,13.35,14.27
2016-10-14 13:37:06,,25.63,22.86,18.58,15.95,16.4,15.04,14.59,13.94,13.46,13.48,13.14,13.23,13.29,14.27
2016-10-14 13:37:11,,25.63,22.86,18.58,15.95,16.4,15.04,14.66,14.02,13.46,13.48,13.14,13.23,13.29,13.99
2016-10-14 13:37:17,,25.63,22.86,18.75,16.05,16.46,15.04,14.8,14.12,13.46,13.38,13.06,13.23,13.29,13.99
2016-10-14 13:37:22,,25.63,22.86,18.75,16.05,16.46,15.04,14.8,14.02,13.46,13.38,13.16,13.07,13.29,13.99
2016-10-14 13:37:28,,25.63,22.86,18.75,16.05,16.46,15.04,14.66,14.02,13.5,13.45,13.16,13.23,13.35,14.07
2016-10-14 13:37:33,,25.63,22.86,18.75,16.05,16.46,15.04,14.66,14.02,13.5,13.45,13.16,13.23,13.29,14.07
2016-10-14 13:37:44,,25.98,23.18,18.84,16.17,16.69,15.39,14.86,14.12,13.69,13.63,13.34,13.17,13.45,14.31
2016-10-14 13:37:49,,25.98,23.18,18.84,16.17,16.69,15.43,14.86,14.21,13.8,13.63,13.34,13.33,13.45,14.31
2016-10-14 13:37:54,,25.98,23.18,18.84,16.37,16.62,15.33,14.86,14.02,13.73,13.52,13.34,13.33,13.45,14.31
2016-10-14 13:38:00,,25.98,23.18,18.84,16.27,16.62,15.37,14.72,14.12,13.84,13.71,13.23,13.33,13.45,14.23
2016-10-14 13:38:04,,25.98,23.18,18.84,16.46,16.62,15.37,14.72,14.2,13.73,13.6,13.34,13.33,13.51,14.23
2016-10-14 13:38:10,,25.98,23.18,18.84,16.46,16.62,15.37,14.72,14.2,13.73,13.6,13.34,13.33,13.51,14.23
2016-10-14 13:38:16,,25.98,23.18,19.31,16.46,16.62,15.37,14.72,14.1,13.73,13.6,13.45,13.5,13.51,14.23
2016-10-14 13:38:26,,25.98,23.18,19.31,16.46,16.62,15.37,14.72,14.2,13.69,13.63,13.34,13.17,13.51,14.31
2016-10-14 13:38:32,,25.98,23.18,19.31,16.46,16.62,15.37,14.72,14.2,13.69,13.63,13.23,13.33,13.51,14.31
2016-10-14 13:38:37,,25.98,23.18,19.48,16.46,16.62,15.37,14.86,14.12,13.62,13.63,13.34,13.17,13.45,14.31
2016-10-14 13:38:42,,25.98,23.18,19.48,16.46,16.62,15.37,14.86,14.12,13.62,13.63,13.34,13.33,13.45,14.23
2016-10-14 13:38:48,,25.98,23.18,19.48,16.46,16.62,15.33,14.86,14.12,13.8,13.74,13.34,13.17,13.45,14.31
2016-10-14 13:38:50,,25.98,23.18,19.48,16.46,16.62,15.33,14.86,14.12,13.8,13.74,13.34,13.17,13.45,14.23
2016-10-14 13:38:58,,25.98,23.18,19.48,16.46,16.62,15.33,14.86,14.21,13.69,13.66,13.23,13.33,13.45,14.23
2016-10-14 13:39:09,,25.98,23.42,19.48,16.46,16.62,15.37,14.72,14.21,13.73,13.66,13.15,13.23,13.45,14.23
2016-10-14 13:39:15,,25.98,23.42,19.48,16.46,16.62,15.37,14.72,14.21,13.8,13.56,13.34,13.23,13.56,14.15
2016-10-14 13:39:20,,25.98,23.42,19.48,16.56,16.62,15.37,14.72,14.21,13.73,13.74,13.34,13.23,13.56,14.15
2016-10-14 13:39:23,,25.98,23.42,19.48,16.32,16.62,15.37,14.72,14.21,13.73,13.74,13.23,13.23,13.56,14.15
2016-10-14 13:39:31,,25.98,23.18,19.48,16.32,16.62,15.37,14.72,14.12,13.62,13.66,13.42,13.23,13.45,14.15
2016-10-14 13:39:36,,25.98,23.18,19.48,16.42,16.62,15.57,14.72,14.12,13.62,13.66,13.23,13.4,13.51,14.15
2016-10-14 13:39:41,,25.98,23.18,19.48,16.32,16.62,15.57,14.86,14.12,13.69,13.74,13.23,13.23,13.51,14.23
2016-10-14 13:39:52,,25.98,23.42,19.48,16.32,16.69,15.57,14.86,14.12,13.69,13.74,13.23,13.23,13.45,14.23
2016-10-14 13:39:57,,25.98,23.42,19.48,16.32,16.69,15.57,14.86,14.12,13.69,13.63,13.23,13.23,13.45,14.23
2016-10-14 13:40:03,,25.98,23.42,19.4,16.32,16.69,15.57,15.01,14.21,13.8,13.74,13.23,13.23,13.51,14.15
2016-10-14 13:40:07,,26.37,23.42,19.4,16.32,16.62,15.57,15.01,14.21,13.8,13.74,13.23,13.23,13.45,14.15
2016-10-14 13:40:13,,26.37,23.42,19.4,16.32,16.62,15.37,14.87,14.3,13.8,13.63,13.23,13.23,13.45,14.15
2016-10-14 13:40:19,,26.37,23.42,19.4,16.32,16.62,15.37,14.87,14.2,13.69,13.63,13.23,13.23,13.51,14.15
2016-10-14 13:40:24,,26.37,23.18,19.4,16.32,16.56,15.37,15.01,14.12,13.8,13.74,13.34,13.23,13.51,14.15
2016-10-14 13:40:35,,26.37,23.18,19.4,16.42,16.62,15.37,15.01,14.2,13.8,13.66,13.23,13.23,13.4,14.23
2016-10-14 13:40:40,,26.37,23.18,19.4,16.23,16.62,15.37,15.01,14.2,13.69,13.63,13.23,13.23,13.4,14.23
2016-10-14 13:40:46,,26.37,23.18,19.4,16.32,16.62,15.37,14.86,14.2,13.69,13.63,13.34,13.4,13.4,14.23
2016-10-14 13:40:51,,26.37,23.18,19.4,16.32,16.62,15.57,14.86,14.2,13.87,13.66,13.23,13.23,13.4,14.23
2016-10-14 13:40:55,,26.37,23.18,19.4,16.23,16.62,15.57,14.86,14.2,13.87,13.66,13.31,13.23,13.4,14.23
2016-10-14 13:41:01,,26.37,23.18,19.4,16.23,16.62,15.57,14.86,14.2,13.76,13.66,13.31,13.23,13.45,14.23
2016-10-14 13:41:12,,26.37,23.18,19.4,16.23,16.62,15.57,14.86,14.12,13.69,13.63,13.31,13.23,13.45,14.23
2016-10-14 13:41:18,,26.37,23.18,19.4,16.23,16.62,15.37,14.86,14.12,13.69,13.63,13.31,13.23,13.45,14.23
2016-10-14 13:41:23,,26.37,23.18,19.4,16.23,16.62,15.57,14.86,14.12,13.76,13.63,13.31,13.23,13.4,14.23
2016-10-14 13:41:28,,26.37,23.18,19.4,16.23,16.75,15.57,14.86,14.12,13.76,13.63,13.23,13.23,13.4,14.31
2016-10-14 13:41:34,,26.37,23.18,19.4,16.23,16.69,15.31,14.86,14.12,13.76,13.81,13.23,13.23,13.4,14.23
2016-10-14 13:41:39,,26.37,23.18,19.4,16.42,16.69,15.51,14.86,14.12,13.76,13.81,13.23,13.33,13.45,14.28
2016-10-14 13:41:44,,26.37,23.42,19.4,16.42,16.69,15.51,14.86,14.12,13.76,13.63,13.23,13.4,13.45,14.28
2016-10-14 13:41:55,,25.98,23.42,19.4,16.42,16.69,15.57,14.79,14.12,13.76,13.63,13.23,13.23,13.4,14.28
2016-10-14 13:42:01,,25.98,23.42,19.4,16.42,16.69,15.57,14.79,14.12,13.65,13.52,13.31,13.23,13.45,14.28
2016-10-14 13:42:06,,25.98,23.42,19.4,16.52,16.69,15.57,14.72,14.2,13.58,13.74,13.23,13.23,13.4,14.28
2016-10-14 13:42:12,,25.98,23.42,19.4,16.52,16.69,15.57,14.86,14.2,13.8,13.63,13.23,13.23,13.4,14.36
2016-10-14 13:42:17,,25.98,23.42,19.4,16.52,16.69,15.57,14.86,14.2,13.8,13.63,13.23,13.23,13.45,14.28
2016-10-14 13:42:22,,25.98,23.42,19.56,16.52,16.69,15.57,14.86,14.1,13.8,13.63,13.31,13.17,13.45,14.28
2016-10-14 13:42:33,,25.98,23.42,19.56,16.52,16.69,15.57,14.72,14.2,13.69,13.63,13.23,13.17,13.4,14.18
2016-10-14 13:42:38,,25.98,23.42,19.56,16.52,16.69,15.37,14.86,14.1,13.87,13.52,13.15,13.17,13.4,14.18
2016-10-14 13:42:43,,25.98,23.42,19.56,16.52,16.69,15.37,14.86,14.1,13.87,13.52,13.15,13.17,13.45,14.1
2016-10-14 13:42:49,,25.98,23.42,19.56,16.61,16.75,15.57,14.86,14.02,13.69,13.63,13.04,13.17,13.4,14.1
2016-10-14 13:42:54,,25.98,23.42,19.56,16.61,16.75,15.37,14.86,14.12,13.69,13.63,13.04,13.1,13.4,14.1
